,id,prod,cat,video_id,aspect,negative,neutral,positive
0,0,VR,Apple,hOi8s2wkX4A,performance,0.66439617,0.07956275,0.25604114
0,0,VR,Apple,hOi8s2wkX4A,experience,0.6181105,0.07732137,0.30456814
0,0,VR,Apple,hOi8s2wkX4A,gaming,0.6118348,0.08718532,0.30097982
0,0,VR,Apple,hOi8s2wkX4A,mixed reality,0.641965,0.08228553,0.27574953
0,0,VR,Apple,hOi8s2wkX4A,Gyroscope,0.657557,0.08350632,0.2589366
0,0,VR,Apple,hOi8s2wkX4A,audio,0.65282124,0.07974917,0.2674296
0,0,VR,Apple,hOi8s2wkX4A,visual,0.6348159,0.08053446,0.2846496
0,0,VR,Apple,hOi8s2wkX4A,technology,0.654951,0.081175424,0.26387364
0,0,VR,Apple,hOi8s2wkX4A,specification,0.6535202,0.08233603,0.26414374
0,1,VR,Apple,hOi8s2wkX4A,performance,0.05581125,0.09333275,0.850856
0,1,VR,Apple,hOi8s2wkX4A,experience,0.053531606,0.10988488,0.83658344
0,1,VR,Apple,hOi8s2wkX4A,gaming,0.052920483,0.13034597,0.81673354
0,1,VR,Apple,hOi8s2wkX4A,mixed reality,0.053222626,0.11247698,0.83430046
0,1,VR,Apple,hOi8s2wkX4A,Gyroscope,0.056376725,0.111508615,0.8321147
0,1,VR,Apple,hOi8s2wkX4A,audio,0.04944747,0.10088022,0.84967226
0,1,VR,Apple,hOi8s2wkX4A,visual,0.052279856,0.10420093,0.8435192
0,1,VR,Apple,hOi8s2wkX4A,technology,0.050124746,0.0977086,0.8521666
0,1,VR,Apple,hOi8s2wkX4A,specification,0.050076295,0.09572133,0.85420233
0,2,VR,Apple,hOi8s2wkX4A,performance,0.073143974,0.10752254,0.81933343
0,2,VR,Apple,hOi8s2wkX4A,experience,0.080453284,0.12305617,0.79649055
0,2,VR,Apple,hOi8s2wkX4A,gaming,0.086948,0.16397487,0.74907714
0,2,VR,Apple,hOi8s2wkX4A,mixed reality,0.08334427,0.13204932,0.7846064
0,2,VR,Apple,hOi8s2wkX4A,Gyroscope,0.08440359,0.12726058,0.7883358
0,2,VR,Apple,hOi8s2wkX4A,audio,0.082800254,0.1304327,0.78676707
0,2,VR,Apple,hOi8s2wkX4A,visual,0.078100584,0.115712844,0.80618656
0,2,VR,Apple,hOi8s2wkX4A,technology,0.08195166,0.11828467,0.79976374
0,2,VR,Apple,hOi8s2wkX4A,specification,0.08012497,0.123736665,0.79613835
0,3,VR,Apple,hOi8s2wkX4A,performance,0.37533808,0.14897211,0.47568986
0,3,VR,Apple,hOi8s2wkX4A,experience,0.3674686,0.14508392,0.48744744
0,3,VR,Apple,hOi8s2wkX4A,gaming,0.36147386,0.16650425,0.4720219
0,3,VR,Apple,hOi8s2wkX4A,mixed reality,0.39719415,0.14533028,0.45747557
0,3,VR,Apple,hOi8s2wkX4A,Gyroscope,0.3788721,0.15254363,0.46858424
0,3,VR,Apple,hOi8s2wkX4A,audio,0.36457065,0.15077414,0.4846552
0,3,VR,Apple,hOi8s2wkX4A,visual,0.38028434,0.14237496,0.47734064
0,3,VR,Apple,hOi8s2wkX4A,technology,0.37514943,0.15289009,0.4719605
0,3,VR,Apple,hOi8s2wkX4A,specification,0.36875346,0.15102631,0.48022017
0,4,VR,Apple,hOi8s2wkX4A,performance,0.124208905,0.20690924,0.6688819
0,4,VR,Apple,hOi8s2wkX4A,experience,0.12068664,0.20447594,0.67483747
0,4,VR,Apple,hOi8s2wkX4A,gaming,0.1355505,0.24214093,0.6223085
0,4,VR,Apple,hOi8s2wkX4A,mixed reality,0.119800285,0.2441493,0.6360504
0,4,VR,Apple,hOi8s2wkX4A,Gyroscope,0.14093207,0.2385128,0.62055516
0,4,VR,Apple,hOi8s2wkX4A,audio,0.12454898,0.21032184,0.6651292
0,4,VR,Apple,hOi8s2wkX4A,visual,0.12600115,0.21057515,0.6634237
0,4,VR,Apple,hOi8s2wkX4A,technology,0.13122648,0.23556648,0.6332071
0,4,VR,Apple,hOi8s2wkX4A,specification,0.13969788,0.24604931,0.61425287
0,5,VR,Apple,CjWfgSrwrz0,performance,0.30251583,0.2810648,0.41641936
0,5,VR,Apple,CjWfgSrwrz0,experience,0.3162852,0.37675977,0.306955
0,5,VR,Apple,CjWfgSrwrz0,gaming,0.31449258,0.37529117,0.31021622
0,5,VR,Apple,CjWfgSrwrz0,mixed reality,0.3326143,0.36046588,0.3069198
0,5,VR,Apple,CjWfgSrwrz0,Gyroscope,0.25539187,0.40478772,0.33982036
0,5,VR,Apple,CjWfgSrwrz0,audio,0.30216286,0.3738605,0.32397664
0,5,VR,Apple,CjWfgSrwrz0,visual,0.22763494,0.4172619,0.35510314
0,5,VR,Apple,CjWfgSrwrz0,technology,0.33050713,0.3170606,0.35243225
0,5,VR,Apple,CjWfgSrwrz0,specification,0.23726393,0.3909987,0.37173742
0,6,VR,Apple,CjWfgSrwrz0,performance,0.03617618,0.18796587,0.77585787
0,6,VR,Apple,CjWfgSrwrz0,experience,0.052197013,0.19416808,0.7536349
0,6,VR,Apple,CjWfgSrwrz0,gaming,0.040872794,0.19728705,0.7618401
0,6,VR,Apple,CjWfgSrwrz0,mixed reality,0.087377094,0.2642413,0.6483816
0,6,VR,Apple,CjWfgSrwrz0,Gyroscope,0.037495025,0.22842403,0.734081
0,6,VR,Apple,CjWfgSrwrz0,audio,0.032508254,0.16952461,0.79796714
0,6,VR,Apple,CjWfgSrwrz0,visual,0.037241515,0.16722618,0.7955323
0,6,VR,Apple,CjWfgSrwrz0,technology,0.031325437,0.26001438,0.7086602
0,6,VR,Apple,CjWfgSrwrz0,specification,0.034661077,0.13048713,0.83485174
0,7,VR,Apple,CjWfgSrwrz0,performance,0.6828941,0.1347849,0.18232095
0,7,VR,Apple,CjWfgSrwrz0,experience,0.72692686,0.1238874,0.14918576
0,7,VR,Apple,CjWfgSrwrz0,gaming,0.6732752,0.16171159,0.16501324
0,7,VR,Apple,CjWfgSrwrz0,mixed reality,0.65625185,0.15556021,0.18818794
0,7,VR,Apple,CjWfgSrwrz0,Gyroscope,0.8699716,0.057379175,0.0726492
0,7,VR,Apple,CjWfgSrwrz0,audio,0.6562146,0.14634967,0.19743569
0,7,VR,Apple,CjWfgSrwrz0,visual,0.6870269,0.10785051,0.2051226
0,7,VR,Apple,CjWfgSrwrz0,technology,0.76817805,0.10847977,0.12334212
0,7,VR,Apple,CjWfgSrwrz0,specification,0.7051393,0.13215603,0.16270472
0,8,VR,Apple,CjWfgSrwrz0,performance,0.0106099,0.16394633,0.8254437
0,8,VR,Apple,CjWfgSrwrz0,experience,0.010139504,0.16139717,0.8284633
0,8,VR,Apple,CjWfgSrwrz0,gaming,0.016783528,0.23031212,0.75290436
0,8,VR,Apple,CjWfgSrwrz0,mixed reality,0.011417027,0.24785675,0.7407263
0,8,VR,Apple,CjWfgSrwrz0,Gyroscope,0.014902124,0.24976192,0.73533595
0,8,VR,Apple,CjWfgSrwrz0,audio,0.010508218,0.21993642,0.7695554
0,8,VR,Apple,CjWfgSrwrz0,visual,0.017063767,0.17892313,0.80401313
0,8,VR,Apple,CjWfgSrwrz0,technology,0.008613319,0.15977016,0.8316165
0,8,VR,Apple,CjWfgSrwrz0,specification,0.016893292,0.18240835,0.8006984
0,9,VR,Apple,CjWfgSrwrz0,performance,0.14517209,0.48156345,0.37326452
0,9,VR,Apple,CjWfgSrwrz0,experience,0.09467685,0.5666778,0.33864537
0,9,VR,Apple,CjWfgSrwrz0,gaming,0.124039285,0.55884844,0.31711224
0,9,VR,Apple,CjWfgSrwrz0,mixed reality,0.10933821,0.5435482,0.3471136
0,9,VR,Apple,CjWfgSrwrz0,Gyroscope,0.28197053,0.6964155,0.021613963
0,9,VR,Apple,CjWfgSrwrz0,audio,0.08760134,0.49105972,0.421339
0,9,VR,Apple,CjWfgSrwrz0,visual,0.08997691,0.53240937,0.37761375
0,9,VR,Apple,CjWfgSrwrz0,technology,0.05444418,0.30264312,0.6429127
0,9,VR,Apple,CjWfgSrwrz0,specification,0.111874826,0.55681884,0.33130634
0,10,VR,Apple,86Gy035z_KA,performance,0.094677925,0.039120246,0.8662019
0,10,VR,Apple,86Gy035z_KA,experience,0.09130149,0.03607431,0.8726242
0,10,VR,Apple,86Gy035z_KA,gaming,0.08971525,0.03842592,0.87185884
0,10,VR,Apple,86Gy035z_KA,mixed reality,0.09042299,0.038322665,0.8712544
0,10,VR,Apple,86Gy035z_KA,Gyroscope,0.09253789,0.039458655,0.8680035
0,10,VR,Apple,86Gy035z_KA,audio,0.09045679,0.038705647,0.8708375
0,10,VR,Apple,86Gy035z_KA,visual,0.09301692,0.036875088,0.87010795
0,10,VR,Apple,86Gy035z_KA,technology,0.11285246,0.037458558,0.849689
0,10,VR,Apple,86Gy035z_KA,specification,0.09103184,0.036694344,0.87227374
0,11,VR,Apple,86Gy035z_KA,performance,0.07071976,0.07365013,0.8556301
0,11,VR,Apple,86Gy035z_KA,experience,0.06805341,0.06936913,0.86257744
0,11,VR,Apple,86Gy035z_KA,gaming,0.07025013,0.074168794,0.8555811
0,11,VR,Apple,86Gy035z_KA,mixed reality,0.06900854,0.07521212,0.8557794
0,11,VR,Apple,86Gy035z_KA,Gyroscope,0.07200853,0.07624546,0.851746
0,11,VR,Apple,86Gy035z_KA,audio,0.069834836,0.07294175,0.8572234
0,11,VR,Apple,86Gy035z_KA,visual,0.07008067,0.071923435,0.8579959
0,11,VR,Apple,86Gy035z_KA,technology,0.070908956,0.071983844,0.8571072
0,11,VR,Apple,86Gy035z_KA,specification,0.07065492,0.07344883,0.85589623
0,12,VR,Apple,86Gy035z_KA,performance,0.25049704,0.21902588,0.53047717
0,12,VR,Apple,86Gy035z_KA,experience,0.23675177,0.22042552,0.5428227
0,12,VR,Apple,86Gy035z_KA,gaming,0.23638879,0.247115,0.5164962
0,12,VR,Apple,86Gy035z_KA,mixed reality,0.22883788,0.22617595,0.5449862
0,12,VR,Apple,86Gy035z_KA,Gyroscope,0.24044374,0.23085427,0.528702
0,12,VR,Apple,86Gy035z_KA,audio,0.24933422,0.21596125,0.5347045
0,12,VR,Apple,86Gy035z_KA,visual,0.23977335,0.22502284,0.5352039
0,12,VR,Apple,86Gy035z_KA,technology,0.24033394,0.22995205,0.52971405
0,12,VR,Apple,86Gy035z_KA,specification,0.24022327,0.2270674,0.53270924
0,13,VR,Apple,86Gy035z_KA,performance,0.34017062,0.03133113,0.62849826
0,13,VR,Apple,86Gy035z_KA,experience,0.32461601,0.029588452,0.6457956
0,13,VR,Apple,86Gy035z_KA,gaming,0.33936274,0.036032677,0.6246046
0,13,VR,Apple,86Gy035z_KA,mixed reality,0.3390176,0.03176861,0.6292138
0,13,VR,Apple,86Gy035z_KA,Gyroscope,0.34459957,0.03219015,0.6232103
0,13,VR,Apple,86Gy035z_KA,audio,0.34422064,0.031830296,0.6239491
0,13,VR,Apple,86Gy035z_KA,visual,0.3318523,0.03046793,0.63767976
0,13,VR,Apple,86Gy035z_KA,technology,0.33866602,0.03052836,0.6308057
0,13,VR,Apple,86Gy035z_KA,specification,0.33811885,0.031639572,0.6302415
0,14,VR,Apple,86Gy035z_KA,performance,0.20852077,0.09523023,0.69624895
0,14,VR,Apple,86Gy035z_KA,experience,0.19650218,0.091892146,0.71160567
0,14,VR,Apple,86Gy035z_KA,gaming,0.19971123,0.104245596,0.6960432
0,14,VR,Apple,86Gy035z_KA,mixed reality,0.19829985,0.10090306,0.7007971
0,14,VR,Apple,86Gy035z_KA,Gyroscope,0.21886083,0.10618432,0.67495483
0,14,VR,Apple,86Gy035z_KA,audio,0.20284382,0.096312314,0.7008439
0,14,VR,Apple,86Gy035z_KA,visual,0.20164575,0.09437744,0.7039768
0,14,VR,Apple,86Gy035z_KA,technology,0.2052145,0.09680058,0.69798493
0,14,VR,Apple,86Gy035z_KA,specification,0.21934514,0.10215234,0.67850256
0,15,VR,Apple,dtp6b76pMak,performance,0.06518484,0.14996341,0.78485173
0,15,VR,Apple,dtp6b76pMak,experience,0.06508937,0.15207258,0.7828381
0,15,VR,Apple,dtp6b76pMak,gaming,0.07164851,0.19937713,0.72897434
0,15,VR,Apple,dtp6b76pMak,mixed reality,0.0666882,0.16618744,0.7671244
0,15,VR,Apple,dtp6b76pMak,Gyroscope,0.07348819,0.17846279,0.748049
0,15,VR,Apple,dtp6b76pMak,audio,0.06789724,0.169082,0.76302075
0,15,VR,Apple,dtp6b76pMak,visual,0.06806129,0.16094485,0.7709939
0,15,VR,Apple,dtp6b76pMak,technology,0.06927793,0.16702555,0.76369655
0,15,VR,Apple,dtp6b76pMak,specification,0.07168196,0.17738159,0.7509365
0,16,VR,Apple,dtp6b76pMak,performance,0.0359871,0.04013062,0.92388225
0,16,VR,Apple,dtp6b76pMak,experience,0.033122443,0.03823772,0.9286398
0,16,VR,Apple,dtp6b76pMak,gaming,0.03551734,0.04420237,0.9202803
0,16,VR,Apple,dtp6b76pMak,mixed reality,0.033919815,0.04238367,0.9236965
0,16,VR,Apple,dtp6b76pMak,Gyroscope,0.034604102,0.042088747,0.9233071
0,16,VR,Apple,dtp6b76pMak,audio,0.033866234,0.040824782,0.925309
0,16,VR,Apple,dtp6b76pMak,visual,0.033579137,0.039364737,0.9270561
0,16,VR,Apple,dtp6b76pMak,technology,0.032391094,0.037294768,0.9303141
0,16,VR,Apple,dtp6b76pMak,specification,0.03462401,0.04145818,0.9239178
0,17,VR,Apple,dtp6b76pMak,performance,0.03813542,0.055727832,0.90613675
0,17,VR,Apple,dtp6b76pMak,experience,0.03844488,0.057392243,0.9041629
0,17,VR,Apple,dtp6b76pMak,gaming,0.03851328,0.06261606,0.89887065
0,17,VR,Apple,dtp6b76pMak,mixed reality,0.03722294,0.060315844,0.90246123
0,17,VR,Apple,dtp6b76pMak,Gyroscope,0.04098137,0.06651242,0.89250624
0,17,VR,Apple,dtp6b76pMak,audio,0.040680155,0.06481035,0.8945095
0,17,VR,Apple,dtp6b76pMak,visual,0.038751457,0.05955988,0.90168864
0,17,VR,Apple,dtp6b76pMak,technology,0.04033753,0.064102806,0.89555967
0,17,VR,Apple,dtp6b76pMak,specification,0.03942662,0.061883625,0.89868975
0,18,VR,Apple,dtp6b76pMak,performance,0.03202803,0.060974214,0.90699774
0,18,VR,Apple,dtp6b76pMak,experience,0.03142686,0.06250719,0.906066
0,18,VR,Apple,dtp6b76pMak,gaming,0.033105597,0.067234606,0.8996598
0,18,VR,Apple,dtp6b76pMak,mixed reality,0.03256427,0.06610279,0.9013329
0,18,VR,Apple,dtp6b76pMak,Gyroscope,0.033217713,0.06682412,0.89995813
0,18,VR,Apple,dtp6b76pMak,audio,0.032672722,0.066631876,0.90069544
0,18,VR,Apple,dtp6b76pMak,visual,0.03283034,0.0642952,0.9028744
0,18,VR,Apple,dtp6b76pMak,technology,0.031847954,0.064204365,0.90394765
0,18,VR,Apple,dtp6b76pMak,specification,0.033062648,0.0665881,0.90034926
0,19,VR,Apple,dtp6b76pMak,performance,0.041567214,0.058823463,0.8996093
0,19,VR,Apple,dtp6b76pMak,experience,0.036339823,0.05293353,0.9107266
0,19,VR,Apple,dtp6b76pMak,gaming,0.03790616,0.058350757,0.903743
0,19,VR,Apple,dtp6b76pMak,mixed reality,0.04008374,0.060585722,0.8993305
0,19,VR,Apple,dtp6b76pMak,Gyroscope,0.040521804,0.06054496,0.8989333
0,19,VR,Apple,dtp6b76pMak,audio,0.038489204,0.054596305,0.9069145
0,19,VR,Apple,dtp6b76pMak,visual,0.040763814,0.05839318,0.900843
0,19,VR,Apple,dtp6b76pMak,technology,0.042382408,0.059608493,0.89800906
0,19,VR,Apple,dtp6b76pMak,specification,0.040222153,0.05924635,0.90053153
0,20,VR,Apple,4MbshUkkA38,performance,0.0036863813,0.9746123,0.021701302
0,20,VR,Apple,4MbshUkkA38,experience,0.0040815054,0.97096,0.02495846
0,20,VR,Apple,4MbshUkkA38,gaming,0.003096972,0.9812672,0.015635882
0,20,VR,Apple,4MbshUkkA38,mixed reality,0.0032373348,0.9808384,0.015924208
0,20,VR,Apple,4MbshUkkA38,Gyroscope,0.0020337831,0.99014425,0.007822055
0,20,VR,Apple,4MbshUkkA38,audio,0.003015792,0.9831307,0.013853493
0,20,VR,Apple,4MbshUkkA38,visual,0.0023202363,0.9854871,0.012192746
0,20,VR,Apple,4MbshUkkA38,technology,0.0036907801,0.97491306,0.021396235
0,20,VR,Apple,4MbshUkkA38,specification,0.0040708906,0.9707596,0.025169538
0,21,VR,Apple,4MbshUkkA38,performance,0.016703038,0.3407362,0.6425608
0,21,VR,Apple,4MbshUkkA38,experience,0.026344804,0.6000347,0.3736204
0,21,VR,Apple,4MbshUkkA38,gaming,0.021511946,0.80334824,0.17513981
0,21,VR,Apple,4MbshUkkA38,mixed reality,0.03411089,0.72012043,0.24576868
0,21,VR,Apple,4MbshUkkA38,Gyroscope,0.030176336,0.6719729,0.2978508
0,21,VR,Apple,4MbshUkkA38,audio,0.012866598,0.8197374,0.16739601
0,21,VR,Apple,4MbshUkkA38,visual,0.030446446,0.5420525,0.4275011
0,21,VR,Apple,4MbshUkkA38,technology,0.01974719,0.639368,0.3408848
0,21,VR,Apple,4MbshUkkA38,specification,0.023037946,0.46671587,0.51024616
0,22,VR,Apple,4MbshUkkA38,performance,0.029213268,0.55899954,0.41178718
0,22,VR,Apple,4MbshUkkA38,experience,0.023754677,0.88245827,0.09378703
0,22,VR,Apple,4MbshUkkA38,gaming,0.01621736,0.93328124,0.050501496
0,22,VR,Apple,4MbshUkkA38,mixed reality,0.028956313,0.9075499,0.06349382
0,22,VR,Apple,4MbshUkkA38,Gyroscope,0.020811686,0.8551988,0.12398952
0,22,VR,Apple,4MbshUkkA38,audio,0.014911091,0.70840275,0.2766861
0,22,VR,Apple,4MbshUkkA38,visual,0.011155328,0.8718672,0.11697757
0,22,VR,Apple,4MbshUkkA38,technology,0.02483399,0.7621726,0.21299344
0,22,VR,Apple,4MbshUkkA38,specification,0.025541086,0.7950241,0.17943475
0,23,VR,Apple,4MbshUkkA38,performance,0.06272507,0.68476486,0.25251007
0,23,VR,Apple,4MbshUkkA38,experience,0.061436176,0.861004,0.077559724
0,23,VR,Apple,4MbshUkkA38,gaming,0.038397916,0.9366144,0.024987597
0,23,VR,Apple,4MbshUkkA38,mixed reality,0.21689644,0.7437038,0.039399784
0,23,VR,Apple,4MbshUkkA38,Gyroscope,0.047031283,0.91385883,0.039110005
0,23,VR,Apple,4MbshUkkA38,audio,0.03863937,0.92838866,0.03297204
0,23,VR,Apple,4MbshUkkA38,visual,0.012552549,0.9630796,0.024367858
0,23,VR,Apple,4MbshUkkA38,technology,0.06462342,0.7759638,0.1594127
0,23,VR,Apple,4MbshUkkA38,specification,0.04629355,0.9079091,0.045797408
0,24,VR,Apple,4MbshUkkA38,performance,0.018553216,0.43785486,0.543592
0,24,VR,Apple,4MbshUkkA38,experience,0.02248326,0.5840682,0.3934486
0,24,VR,Apple,4MbshUkkA38,gaming,0.022317907,0.6797732,0.29790884
0,24,VR,Apple,4MbshUkkA38,mixed reality,0.04040177,0.6495914,0.31000686
0,24,VR,Apple,4MbshUkkA38,Gyroscope,0.018867344,0.67751515,0.3036175
0,24,VR,Apple,4MbshUkkA38,audio,0.020862631,0.62516046,0.35397685
0,24,VR,Apple,4MbshUkkA38,visual,0.00996389,0.5314328,0.45860335
0,24,VR,Apple,4MbshUkkA38,technology,0.01300847,0.45261598,0.53437555
0,24,VR,Apple,4MbshUkkA38,specification,0.015673108,0.6057609,0.37856603
0,25,VR,Apple,SaneSRqePVY,performance,0.07959883,0.514143,0.40625817
0,25,VR,Apple,SaneSRqePVY,experience,0.07732265,0.5106597,0.4120177
0,25,VR,Apple,SaneSRqePVY,gaming,0.07381427,0.5555694,0.37061632
0,25,VR,Apple,SaneSRqePVY,mixed reality,0.07839334,0.5472774,0.3743293
0,25,VR,Apple,SaneSRqePVY,Gyroscope,0.076408714,0.5305844,0.3930069
0,25,VR,Apple,SaneSRqePVY,audio,0.07659844,0.547723,0.3756785
0,25,VR,Apple,SaneSRqePVY,visual,0.074927315,0.53871214,0.3863605
0,25,VR,Apple,SaneSRqePVY,technology,0.07422645,0.52789587,0.3978778
0,25,VR,Apple,SaneSRqePVY,specification,0.07524133,0.5352376,0.38952103
0,26,VR,Apple,SaneSRqePVY,performance,0.092824586,0.4148977,0.4922777
0,26,VR,Apple,SaneSRqePVY,experience,0.095535405,0.41452453,0.48994002
0,26,VR,Apple,SaneSRqePVY,gaming,0.097901054,0.44221956,0.45987943
0,26,VR,Apple,SaneSRqePVY,mixed reality,0.10453054,0.43207344,0.463396
0,26,VR,Apple,SaneSRqePVY,Gyroscope,0.100405365,0.4279223,0.47167236
0,26,VR,Apple,SaneSRqePVY,audio,0.0986628,0.4352268,0.46611032
0,26,VR,Apple,SaneSRqePVY,visual,0.0984051,0.43231827,0.4692767
0,26,VR,Apple,SaneSRqePVY,technology,0.09601832,0.430922,0.4730597
0,26,VR,Apple,SaneSRqePVY,specification,0.09565215,0.41683644,0.4875115
0,27,VR,Apple,SaneSRqePVY,performance,0.117801234,0.19916046,0.6830383
0,27,VR,Apple,SaneSRqePVY,experience,0.12138579,0.20401661,0.67459756
0,27,VR,Apple,SaneSRqePVY,gaming,0.13258497,0.26394796,0.60346705
0,27,VR,Apple,SaneSRqePVY,mixed reality,0.13013397,0.24060234,0.6292637
0,27,VR,Apple,SaneSRqePVY,Gyroscope,0.13403203,0.23700161,0.62896633
0,27,VR,Apple,SaneSRqePVY,audio,0.12376874,0.22595663,0.65027463
0,27,VR,Apple,SaneSRqePVY,visual,0.1271346,0.21426596,0.65859944
0,27,VR,Apple,SaneSRqePVY,technology,0.12318486,0.23437494,0.6424402
0,27,VR,Apple,SaneSRqePVY,specification,0.12623592,0.22908168,0.64468247
0,28,VR,Apple,SaneSRqePVY,performance,0.061370105,0.35790136,0.5807285
0,28,VR,Apple,SaneSRqePVY,experience,0.059556402,0.3635124,0.5769312
0,28,VR,Apple,SaneSRqePVY,gaming,0.060924083,0.38815248,0.5509234
0,28,VR,Apple,SaneSRqePVY,mixed reality,0.06365164,0.3686135,0.56773484
0,28,VR,Apple,SaneSRqePVY,Gyroscope,0.062109657,0.37299627,0.5648941
0,28,VR,Apple,SaneSRqePVY,audio,0.05961161,0.372318,0.5680704
0,28,VR,Apple,SaneSRqePVY,visual,0.06171476,0.35676926,0.581516
0,28,VR,Apple,SaneSRqePVY,technology,0.060726456,0.36788377,0.57138973
0,28,VR,Apple,SaneSRqePVY,specification,0.06173155,0.3820357,0.55623275
0,29,VR,Apple,SaneSRqePVY,performance,0.010803599,0.101902,0.8872944
0,29,VR,Apple,SaneSRqePVY,experience,0.010079988,0.09737213,0.8925479
0,29,VR,Apple,SaneSRqePVY,gaming,0.011300674,0.13358876,0.8551105
0,29,VR,Apple,SaneSRqePVY,mixed reality,0.011199999,0.11016621,0.87863374
0,29,VR,Apple,SaneSRqePVY,Gyroscope,0.01111464,0.11152528,0.87736005
0,29,VR,Apple,SaneSRqePVY,audio,0.011154534,0.10669188,0.8821536
0,29,VR,Apple,SaneSRqePVY,visual,0.010822365,0.10974122,0.87943643
0,29,VR,Apple,SaneSRqePVY,technology,0.0110387495,0.10776045,0.88120085
0,29,VR,Apple,SaneSRqePVY,specification,0.011270932,0.11076382,0.8779653
0,30,VR,Apple,tciqW8VKfOU,performance,0.027210683,0.9121603,0.060629055
0,30,VR,Apple,tciqW8VKfOU,experience,0.020775408,0.9490253,0.03019931
0,30,VR,Apple,tciqW8VKfOU,gaming,0.032179706,0.94669646,0.02112384
0,30,VR,Apple,tciqW8VKfOU,mixed reality,0.05595192,0.91259223,0.03145585
0,30,VR,Apple,tciqW8VKfOU,Gyroscope,0.026912652,0.94126225,0.03182514
0,30,VR,Apple,tciqW8VKfOU,audio,0.028775182,0.9356267,0.03559817
0,30,VR,Apple,tciqW8VKfOU,visual,0.010625193,0.967554,0.021820841
0,30,VR,Apple,tciqW8VKfOU,technology,0.02229978,0.9358408,0.041859414
0,30,VR,Apple,tciqW8VKfOU,specification,0.027630413,0.9301994,0.04217023
0,31,VR,Apple,tciqW8VKfOU,performance,0.055562608,0.69716716,0.24727026
0,31,VR,Apple,tciqW8VKfOU,experience,0.022892017,0.93559,0.04151799
0,31,VR,Apple,tciqW8VKfOU,gaming,0.07276526,0.8935833,0.033651393
0,31,VR,Apple,tciqW8VKfOU,mixed reality,0.116902,0.85024333,0.03285459
0,31,VR,Apple,tciqW8VKfOU,Gyroscope,0.09317797,0.8179952,0.088826776
0,31,VR,Apple,tciqW8VKfOU,audio,0.032135446,0.9406627,0.027201861
0,31,VR,Apple,tciqW8VKfOU,visual,0.07684593,0.8551834,0.067970656
0,31,VR,Apple,tciqW8VKfOU,technology,0.032335248,0.90485746,0.06280731
0,31,VR,Apple,tciqW8VKfOU,specification,0.057640936,0.877314,0.06504501
0,32,VR,Apple,tciqW8VKfOU,performance,0.045248378,0.82120335,0.13354824
0,32,VR,Apple,tciqW8VKfOU,experience,0.028814139,0.76992804,0.20125775
0,32,VR,Apple,tciqW8VKfOU,gaming,0.016542811,0.940487,0.042970233
0,32,VR,Apple,tciqW8VKfOU,mixed reality,0.04087571,0.81471306,0.14441128
0,32,VR,Apple,tciqW8VKfOU,Gyroscope,0.034893163,0.74834585,0.21676107
0,32,VR,Apple,tciqW8VKfOU,audio,0.035956793,0.79456794,0.16947529
0,32,VR,Apple,tciqW8VKfOU,visual,0.049674153,0.78039515,0.16993076
0,32,VR,Apple,tciqW8VKfOU,technology,0.02853083,0.8370303,0.13443886
0,32,VR,Apple,tciqW8VKfOU,specification,0.03983557,0.7788557,0.18130882
0,33,VR,Apple,tciqW8VKfOU,performance,0.876722,0.11729347,0.0059845573
0,33,VR,Apple,tciqW8VKfOU,experience,0.7485632,0.23713279,0.014304045
0,33,VR,Apple,tciqW8VKfOU,gaming,0.5819428,0.41177222,0.00628494
0,33,VR,Apple,tciqW8VKfOU,mixed reality,0.7774266,0.21426514,0.008308251
0,33,VR,Apple,tciqW8VKfOU,Gyroscope,0.8028205,0.18793143,0.009247998
0,33,VR,Apple,tciqW8VKfOU,audio,0.8493416,0.14535806,0.0053003086
0,33,VR,Apple,tciqW8VKfOU,visual,0.8987904,0.09627447,0.0049350145
0,33,VR,Apple,tciqW8VKfOU,technology,0.818743,0.17235558,0.008901434
0,33,VR,Apple,tciqW8VKfOU,specification,0.8954949,0.09966078,0.004844336
0,34,VR,Apple,tciqW8VKfOU,performance,0.52493256,0.45352143,0.021545978
0,34,VR,Apple,tciqW8VKfOU,experience,0.5271346,0.45111427,0.021751152
0,34,VR,Apple,tciqW8VKfOU,gaming,0.5140858,0.4665258,0.019388389
0,34,VR,Apple,tciqW8VKfOU,mixed reality,0.5893035,0.3843003,0.02639617
0,34,VR,Apple,tciqW8VKfOU,Gyroscope,0.5357265,0.43675002,0.02752346
0,34,VR,Apple,tciqW8VKfOU,audio,0.3898925,0.588955,0.021152504
0,34,VR,Apple,tciqW8VKfOU,visual,0.51291794,0.46206293,0.02501923
0,34,VR,Apple,tciqW8VKfOU,technology,0.47219515,0.5042058,0.02359909
0,34,VR,Apple,tciqW8VKfOU,specification,0.5911173,0.38769066,0.021192003
0,35,VR,Apple,OFvXuyITwBI,performance,0.011817976,0.026531653,0.9616504
0,35,VR,Apple,OFvXuyITwBI,experience,0.012221498,0.028399173,0.9593794
0,35,VR,Apple,OFvXuyITwBI,gaming,0.012596117,0.03152124,0.9558826
0,35,VR,Apple,OFvXuyITwBI,mixed reality,0.012577539,0.031351738,0.9560708
0,35,VR,Apple,OFvXuyITwBI,Gyroscope,0.013108184,0.030555304,0.9563365
0,35,VR,Apple,OFvXuyITwBI,audio,0.012597777,0.030170232,0.957232
0,35,VR,Apple,OFvXuyITwBI,visual,0.012687318,0.029482516,0.9578302
0,35,VR,Apple,OFvXuyITwBI,technology,0.0128952395,0.029997319,0.9571074
0,35,VR,Apple,OFvXuyITwBI,specification,0.012894678,0.030721553,0.9563837
0,36,VR,Apple,OFvXuyITwBI,performance,0.25379166,0.29461837,0.45158997
0,36,VR,Apple,OFvXuyITwBI,experience,0.2606625,0.28939927,0.44993824
0,36,VR,Apple,OFvXuyITwBI,gaming,0.25776657,0.31506765,0.42716572
0,36,VR,Apple,OFvXuyITwBI,mixed reality,0.2585534,0.31865522,0.42279142
0,36,VR,Apple,OFvXuyITwBI,Gyroscope,0.2700151,0.30718556,0.42279935
0,36,VR,Apple,OFvXuyITwBI,audio,0.2611438,0.30293983,0.43591642
0,36,VR,Apple,OFvXuyITwBI,visual,0.2620857,0.2939005,0.4440138
0,36,VR,Apple,OFvXuyITwBI,technology,0.26206908,0.30313665,0.43479428
0,36,VR,Apple,OFvXuyITwBI,specification,0.262377,0.299467,0.438156
0,37,VR,Apple,OFvXuyITwBI,performance,0.025720384,0.27539274,0.6988869
0,37,VR,Apple,OFvXuyITwBI,experience,0.025238516,0.29886347,0.6758981
0,37,VR,Apple,OFvXuyITwBI,gaming,0.0257005,0.33514753,0.639152
0,37,VR,Apple,OFvXuyITwBI,mixed reality,0.025537645,0.31041345,0.66404885
0,37,VR,Apple,OFvXuyITwBI,Gyroscope,0.026079554,0.31232345,0.661597
0,37,VR,Apple,OFvXuyITwBI,audio,0.025427377,0.30466673,0.6699059
0,37,VR,Apple,OFvXuyITwBI,visual,0.025515312,0.30749312,0.66699153
0,37,VR,Apple,OFvXuyITwBI,technology,0.025436455,0.31581932,0.6587443
0,37,VR,Apple,OFvXuyITwBI,specification,0.025719281,0.3099857,0.66429496
0,38,VR,Apple,OFvXuyITwBI,performance,0.609516,0.05000412,0.3404798
0,38,VR,Apple,OFvXuyITwBI,experience,0.6308666,0.04873109,0.3204023
0,38,VR,Apple,OFvXuyITwBI,gaming,0.631392,0.05428844,0.31431958
0,38,VR,Apple,OFvXuyITwBI,mixed reality,0.63336706,0.051595323,0.31503764
0,38,VR,Apple,OFvXuyITwBI,Gyroscope,0.6145771,0.051702373,0.33372054
0,38,VR,Apple,OFvXuyITwBI,audio,0.5967316,0.052125696,0.3511427
0,38,VR,Apple,OFvXuyITwBI,visual,0.5985266,0.05008707,0.35138625
0,38,VR,Apple,OFvXuyITwBI,technology,0.6475307,0.048846174,0.3036231
0,38,VR,Apple,OFvXuyITwBI,specification,0.62268066,0.050453153,0.32686624
0,39,VR,Apple,OFvXuyITwBI,performance,0.16415396,0.53244424,0.30340186
0,39,VR,Apple,OFvXuyITwBI,experience,0.1612856,0.529142,0.30957234
0,39,VR,Apple,OFvXuyITwBI,gaming,0.14581282,0.5510987,0.30308846
0,39,VR,Apple,OFvXuyITwBI,mixed reality,0.15109079,0.55395085,0.29495838
0,39,VR,Apple,OFvXuyITwBI,Gyroscope,0.16369545,0.54576683,0.2905376
0,39,VR,Apple,OFvXuyITwBI,audio,0.1627642,0.5350266,0.3022092
0,39,VR,Apple,OFvXuyITwBI,visual,0.16768135,0.53413695,0.29818165
0,39,VR,Apple,OFvXuyITwBI,technology,0.1603853,0.53927624,0.30033845
0,39,VR,Apple,OFvXuyITwBI,specification,0.16157068,0.53802466,0.30040473
0,40,VR,Meta,jUIE2l_9ig8,performance,0.0140967565,0.9415735,0.044329777
0,40,VR,Meta,jUIE2l_9ig8,experience,0.004576223,0.9626078,0.032816034
0,40,VR,Meta,jUIE2l_9ig8,gaming,0.0056731883,0.95725113,0.037075676
0,40,VR,Meta,jUIE2l_9ig8,mixed reality,0.003464657,0.9765411,0.01999429
0,40,VR,Meta,jUIE2l_9ig8,Gyroscope,0.004797595,0.97695166,0.01825077
0,40,VR,Meta,jUIE2l_9ig8,audio,0.005665047,0.97006357,0.024271406
0,40,VR,Meta,jUIE2l_9ig8,visual,0.005485029,0.9745928,0.019922113
0,40,VR,Meta,jUIE2l_9ig8,technology,0.007446798,0.9445253,0.048027944
0,40,VR,Meta,jUIE2l_9ig8,specification,0.011216105,0.9547669,0.034016944
0,41,VR,Meta,jUIE2l_9ig8,performance,0.009852875,0.2584936,0.7316535
0,41,VR,Meta,jUIE2l_9ig8,experience,0.009015115,0.803666,0.18731886
0,41,VR,Meta,jUIE2l_9ig8,gaming,0.0031656611,0.98182297,0.015011379
0,41,VR,Meta,jUIE2l_9ig8,mixed reality,0.007239859,0.9847194,0.008040679
0,41,VR,Meta,jUIE2l_9ig8,Gyroscope,0.003697975,0.97375727,0.02254474
0,41,VR,Meta,jUIE2l_9ig8,audio,0.0039367406,0.95389503,0.042168263
0,41,VR,Meta,jUIE2l_9ig8,visual,0.0042674798,0.9741348,0.021597639
0,41,VR,Meta,jUIE2l_9ig8,technology,0.0046648635,0.8873851,0.107950084
0,41,VR,Meta,jUIE2l_9ig8,specification,0.0038455667,0.97138804,0.02476643
0,42,VR,Meta,jUIE2l_9ig8,performance,0.005086908,0.12874539,0.86616766
0,42,VR,Meta,jUIE2l_9ig8,experience,0.0076783556,0.39603108,0.5962905
0,42,VR,Meta,jUIE2l_9ig8,gaming,0.010528545,0.88616556,0.10330588
0,42,VR,Meta,jUIE2l_9ig8,mixed reality,0.016339483,0.78158706,0.2020735
0,42,VR,Meta,jUIE2l_9ig8,Gyroscope,0.013217334,0.75634676,0.23043588
0,42,VR,Meta,jUIE2l_9ig8,audio,0.006758574,0.21253316,0.78070825
0,42,VR,Meta,jUIE2l_9ig8,visual,0.0090024695,0.4675823,0.52341527
0,42,VR,Meta,jUIE2l_9ig8,technology,0.009836155,0.20880586,0.781358
0,42,VR,Meta,jUIE2l_9ig8,specification,0.012376395,0.59590286,0.3917207
0,43,VR,Meta,jUIE2l_9ig8,performance,0.18615824,0.6095366,0.20430514
0,43,VR,Meta,jUIE2l_9ig8,experience,0.1048571,0.6488588,0.24628407
0,43,VR,Meta,jUIE2l_9ig8,gaming,0.05745265,0.8772079,0.065339476
0,43,VR,Meta,jUIE2l_9ig8,mixed reality,0.21620135,0.6436796,0.14011905
0,43,VR,Meta,jUIE2l_9ig8,Gyroscope,0.09296722,0.7849496,0.122083224
0,43,VR,Meta,jUIE2l_9ig8,audio,0.050358858,0.886834,0.062807195
0,43,VR,Meta,jUIE2l_9ig8,visual,0.046847846,0.9245745,0.02857759
0,43,VR,Meta,jUIE2l_9ig8,technology,0.10115674,0.8264052,0.07243805
0,43,VR,Meta,jUIE2l_9ig8,specification,0.15531035,0.6557965,0.18889318
0,44,VR,Meta,jUIE2l_9ig8,performance,0.0052496116,0.062330395,0.93242
0,44,VR,Meta,jUIE2l_9ig8,experience,0.0068628923,0.16865198,0.82448506
0,44,VR,Meta,jUIE2l_9ig8,gaming,0.010971998,0.4853165,0.5037115
0,44,VR,Meta,jUIE2l_9ig8,mixed reality,0.030990329,0.4738335,0.49517623
0,44,VR,Meta,jUIE2l_9ig8,Gyroscope,0.0060862987,0.13751014,0.8564035
0,44,VR,Meta,jUIE2l_9ig8,audio,0.009684608,0.19696099,0.7933544
0,44,VR,Meta,jUIE2l_9ig8,visual,0.0060991356,0.07497658,0.9189243
0,44,VR,Meta,jUIE2l_9ig8,technology,0.00097042747,0.0051876283,0.9938419
0,44,VR,Meta,jUIE2l_9ig8,specification,0.008097342,0.14732267,0.84457994
0,45,VR,Apple,pE0-TeChSy0,performance,0.0144203445,0.050179668,0.93539995
0,45,VR,Apple,pE0-TeChSy0,experience,0.0148508875,0.050979145,0.93416995
0,45,VR,Apple,pE0-TeChSy0,gaming,0.014944995,0.05321304,0.93184197
0,45,VR,Apple,pE0-TeChSy0,mixed reality,0.0154211875,0.0523089,0.93227
0,45,VR,Apple,pE0-TeChSy0,Gyroscope,0.0152132325,0.053041335,0.93174535
0,45,VR,Apple,pE0-TeChSy0,audio,0.013169913,0.04781625,0.93901384
0,45,VR,Apple,pE0-TeChSy0,visual,0.014444005,0.05024874,0.93530726
0,45,VR,Apple,pE0-TeChSy0,technology,0.01475187,0.051418714,0.93382937
0,45,VR,Apple,pE0-TeChSy0,specification,0.014313865,0.05029761,0.9353885
0,46,VR,Apple,pE0-TeChSy0,performance,0.24212319,0.4139553,0.3439215
0,46,VR,Apple,pE0-TeChSy0,experience,0.24355754,0.4214458,0.33499664
0,46,VR,Apple,pE0-TeChSy0,gaming,0.25022376,0.40775856,0.34201774
0,46,VR,Apple,pE0-TeChSy0,mixed reality,0.23480129,0.43392527,0.3312734
0,46,VR,Apple,pE0-TeChSy0,Gyroscope,0.24832596,0.41362908,0.33804497
0,46,VR,Apple,pE0-TeChSy0,audio,0.2441756,0.42006284,0.33576146
0,46,VR,Apple,pE0-TeChSy0,visual,0.23806402,0.44179922,0.3201368
0,46,VR,Apple,pE0-TeChSy0,technology,0.24176238,0.4251478,0.3330899
0,46,VR,Apple,pE0-TeChSy0,specification,0.24161515,0.41477767,0.34360722
0,47,VR,Apple,pE0-TeChSy0,performance,0.114388034,0.6868987,0.19871332
0,47,VR,Apple,pE0-TeChSy0,experience,0.11145379,0.65741104,0.23113519
0,47,VR,Apple,pE0-TeChSy0,gaming,0.10878791,0.7025003,0.18871188
0,47,VR,Apple,pE0-TeChSy0,mixed reality,0.11129261,0.69220066,0.19650672
0,47,VR,Apple,pE0-TeChSy0,Gyroscope,0.111853726,0.6957664,0.19237982
0,47,VR,Apple,pE0-TeChSy0,audio,0.108458795,0.7014977,0.19004352
0,47,VR,Apple,pE0-TeChSy0,visual,0.10963434,0.6927757,0.19758992
0,47,VR,Apple,pE0-TeChSy0,technology,0.11273041,0.6913105,0.19595905
0,47,VR,Apple,pE0-TeChSy0,specification,0.11175382,0.69430137,0.19394486
0,48,VR,Apple,pE0-TeChSy0,performance,0.3850573,0.07229697,0.5426457
0,48,VR,Apple,pE0-TeChSy0,experience,0.37888512,0.07295682,0.5481581
0,48,VR,Apple,pE0-TeChSy0,gaming,0.37600565,0.0763979,0.54759645
0,48,VR,Apple,pE0-TeChSy0,mixed reality,0.41254658,0.09463559,0.49281776
0,48,VR,Apple,pE0-TeChSy0,Gyroscope,0.38834462,0.07235115,0.53930426
0,48,VR,Apple,pE0-TeChSy0,audio,0.39094642,0.07229292,0.5367606
0,48,VR,Apple,pE0-TeChSy0,visual,0.3940257,0.07224002,0.53373426
0,48,VR,Apple,pE0-TeChSy0,technology,0.399985,0.072348356,0.5276667
0,48,VR,Apple,pE0-TeChSy0,specification,0.37204808,0.07173823,0.5562137
0,49,VR,Apple,pE0-TeChSy0,performance,0.84007406,0.10993602,0.04998997
0,49,VR,Apple,pE0-TeChSy0,experience,0.84878546,0.10418805,0.047026485
0,49,VR,Apple,pE0-TeChSy0,gaming,0.8308023,0.11964382,0.049553864
0,49,VR,Apple,pE0-TeChSy0,mixed reality,0.8693461,0.10294364,0.02771035
0,49,VR,Apple,pE0-TeChSy0,Gyroscope,0.8382411,0.111536115,0.050222784
0,49,VR,Apple,pE0-TeChSy0,audio,0.8768439,0.08527134,0.037884697
0,49,VR,Apple,pE0-TeChSy0,visual,0.85697275,0.09713394,0.04589337
0,49,VR,Apple,pE0-TeChSy0,technology,0.83126545,0.112404205,0.056330405
0,49,VR,Apple,pE0-TeChSy0,specification,0.8322924,0.11791374,0.0497939
0,50,VR,Apple,bklHDIlJrVc,performance,0.1018117,0.8845961,0.013592241
0,50,VR,Apple,bklHDIlJrVc,experience,0.013911943,0.9784122,0.0076758154
0,50,VR,Apple,bklHDIlJrVc,gaming,0.015707986,0.97986686,0.0044250377
0,50,VR,Apple,bklHDIlJrVc,mixed reality,0.34050363,0.64968115,0.009815254
0,50,VR,Apple,bklHDIlJrVc,Gyroscope,0.04848982,0.8899558,0.06155429
0,50,VR,Apple,bklHDIlJrVc,audio,0.012844061,0.9719767,0.015179251
0,50,VR,Apple,bklHDIlJrVc,visual,0.0854353,0.86404824,0.05051649
0,50,VR,Apple,bklHDIlJrVc,technology,0.059069797,0.9319901,0.008940178
0,50,VR,Apple,bklHDIlJrVc,specification,0.09112173,0.88844615,0.020432128
0,51,VR,Apple,bklHDIlJrVc,performance,0.78589964,0.08257593,0.13152437
0,51,VR,Apple,bklHDIlJrVc,experience,0.22439569,0.48235306,0.2932513
0,51,VR,Apple,bklHDIlJrVc,gaming,0.019308431,0.96389717,0.016794486
0,51,VR,Apple,bklHDIlJrVc,mixed reality,0.634365,0.3578222,0.007812792
0,51,VR,Apple,bklHDIlJrVc,Gyroscope,0.5692757,0.021400148,0.40932423
0,51,VR,Apple,bklHDIlJrVc,audio,0.88385475,0.0708805,0.045264795
0,51,VR,Apple,bklHDIlJrVc,visual,0.5036357,0.40939307,0.086971186
0,51,VR,Apple,bklHDIlJrVc,technology,0.9735286,0.016803676,0.009667732
0,51,VR,Apple,bklHDIlJrVc,specification,0.12830247,0.8606677,0.011029843
0,52,VR,Apple,bklHDIlJrVc,performance,0.1018117,0.8845961,0.013592241
0,52,VR,Apple,bklHDIlJrVc,experience,0.013911943,0.9784122,0.0076758154
0,52,VR,Apple,bklHDIlJrVc,gaming,0.015707986,0.97986686,0.0044250377
0,52,VR,Apple,bklHDIlJrVc,mixed reality,0.34050363,0.64968115,0.009815254
0,52,VR,Apple,bklHDIlJrVc,Gyroscope,0.04848982,0.8899558,0.06155429
0,52,VR,Apple,bklHDIlJrVc,audio,0.012844061,0.9719767,0.015179251
0,52,VR,Apple,bklHDIlJrVc,visual,0.0854353,0.86404824,0.05051649
0,52,VR,Apple,bklHDIlJrVc,technology,0.059069797,0.9319901,0.008940178
0,52,VR,Apple,bklHDIlJrVc,specification,0.09112173,0.88844615,0.020432128
0,53,VR,Apple,bklHDIlJrVc,performance,0.014812391,0.0458117,0.9393759
0,53,VR,Apple,bklHDIlJrVc,experience,0.03194671,0.7208402,0.24721307
0,53,VR,Apple,bklHDIlJrVc,gaming,0.032761466,0.95913476,0.008103752
0,53,VR,Apple,bklHDIlJrVc,mixed reality,0.6587063,0.32980004,0.011493651
0,53,VR,Apple,bklHDIlJrVc,Gyroscope,0.0791193,0.8560033,0.06487746
0,53,VR,Apple,bklHDIlJrVc,audio,0.010894479,0.9759986,0.013106931
0,53,VR,Apple,bklHDIlJrVc,visual,0.033666894,0.93164593,0.03468716
0,53,VR,Apple,bklHDIlJrVc,technology,0.0054993434,0.0126568405,0.98184377
0,53,VR,Apple,bklHDIlJrVc,specification,0.030594701,0.9499949,0.019410368
0,54,VR,Apple,bklHDIlJrVc,performance,0.0075659137,0.87160987,0.12082426
0,54,VR,Apple,bklHDIlJrVc,experience,0.008108727,0.84305316,0.14883815
0,54,VR,Apple,bklHDIlJrVc,gaming,0.0062758187,0.96388483,0.029839361
0,54,VR,Apple,bklHDIlJrVc,mixed reality,0.034560427,0.9152616,0.050177984
0,54,VR,Apple,bklHDIlJrVc,Gyroscope,0.010212081,0.9057771,0.08401094
0,54,VR,Apple,bklHDIlJrVc,audio,0.009354948,0.90731865,0.08332641
0,54,VR,Apple,bklHDIlJrVc,visual,0.014188641,0.8205333,0.165278
0,54,VR,Apple,bklHDIlJrVc,technology,0.0079868175,0.8930748,0.09893833
0,54,VR,Apple,bklHDIlJrVc,specification,0.00935929,0.9020248,0.088615865
0,55,VR,Apple,XlAhhpOduRc,performance,0.049883332,0.5462718,0.40384483
0,55,VR,Apple,XlAhhpOduRc,experience,0.059196636,0.5429159,0.39788747
0,55,VR,Apple,XlAhhpOduRc,gaming,0.042482726,0.61334574,0.34417155
0,55,VR,Apple,XlAhhpOduRc,mixed reality,0.08971743,0.5674916,0.34279096
0,55,VR,Apple,XlAhhpOduRc,Gyroscope,0.053427447,0.6063728,0.34019983
0,55,VR,Apple,XlAhhpOduRc,audio,0.049162626,0.5903883,0.36044905
0,55,VR,Apple,XlAhhpOduRc,visual,0.0139575135,0.8820777,0.103964806
0,55,VR,Apple,XlAhhpOduRc,technology,0.04419429,0.6270339,0.3287718
0,55,VR,Apple,XlAhhpOduRc,specification,0.04082479,0.5542126,0.40496266
0,56,VR,Apple,XlAhhpOduRc,performance,0.43950316,0.4506412,0.10985564
0,56,VR,Apple,XlAhhpOduRc,experience,0.30286008,0.65027946,0.046860486
0,56,VR,Apple,XlAhhpOduRc,gaming,0.338797,0.5398722,0.12133079
0,56,VR,Apple,XlAhhpOduRc,mixed reality,0.5565491,0.35805503,0.08539595
0,56,VR,Apple,XlAhhpOduRc,Gyroscope,0.35531378,0.55233955,0.09234665
0,56,VR,Apple,XlAhhpOduRc,audio,0.43652764,0.45471722,0.108755164
0,56,VR,Apple,XlAhhpOduRc,visual,0.46754724,0.42874512,0.10370767
0,56,VR,Apple,XlAhhpOduRc,technology,0.372406,0.51102334,0.1165706
0,56,VR,Apple,XlAhhpOduRc,specification,0.5211611,0.38704994,0.09178897
0,57,VR,Apple,XlAhhpOduRc,performance,0.013768352,0.30885187,0.6773798
0,57,VR,Apple,XlAhhpOduRc,experience,0.0074523394,0.17772129,0.81482637
0,57,VR,Apple,XlAhhpOduRc,gaming,0.011633632,0.29717475,0.6911917
0,57,VR,Apple,XlAhhpOduRc,mixed reality,0.0109090265,0.30003005,0.68906087
0,57,VR,Apple,XlAhhpOduRc,Gyroscope,0.012375963,0.49942043,0.48820364
0,57,VR,Apple,XlAhhpOduRc,audio,0.011767305,0.32693306,0.6612996
0,57,VR,Apple,XlAhhpOduRc,visual,0.0119217355,0.32215452,0.6659237
0,57,VR,Apple,XlAhhpOduRc,technology,0.010859494,0.3121433,0.67699724
0,57,VR,Apple,XlAhhpOduRc,specification,0.01024788,0.24514294,0.7446091
0,58,VR,Apple,XlAhhpOduRc,performance,0.013121464,0.081909694,0.90496886
0,58,VR,Apple,XlAhhpOduRc,experience,0.008740471,0.04887483,0.94238466
0,58,VR,Apple,XlAhhpOduRc,gaming,0.0133734485,0.101436906,0.88518965
0,58,VR,Apple,XlAhhpOduRc,mixed reality,0.014904891,0.087509915,0.8975852
0,58,VR,Apple,XlAhhpOduRc,Gyroscope,0.011393043,0.07904167,0.9095653
0,58,VR,Apple,XlAhhpOduRc,audio,0.00999329,0.07147156,0.9185352
0,58,VR,Apple,XlAhhpOduRc,visual,0.011629284,0.06503509,0.9233357
0,58,VR,Apple,XlAhhpOduRc,technology,0.0062260292,0.058058433,0.9357155
0,58,VR,Apple,XlAhhpOduRc,specification,0.016724981,0.09204591,0.89122903
0,59,VR,Apple,XlAhhpOduRc,performance,0.014825269,0.037139032,0.9480357
0,59,VR,Apple,XlAhhpOduRc,experience,0.0011775994,0.0026834556,0.996139
0,59,VR,Apple,XlAhhpOduRc,gaming,0.003049767,0.017815433,0.9791348
0,59,VR,Apple,XlAhhpOduRc,mixed reality,0.0060660574,0.039755687,0.95417833
0,59,VR,Apple,XlAhhpOduRc,Gyroscope,0.004051885,0.023661127,0.97228694
0,59,VR,Apple,XlAhhpOduRc,audio,0.022408225,0.031002155,0.9465896
0,59,VR,Apple,XlAhhpOduRc,visual,0.007212562,0.041526955,0.9512605
0,59,VR,Apple,XlAhhpOduRc,technology,0.015198023,0.058884956,0.92591697
0,59,VR,Apple,XlAhhpOduRc,specification,0.008210375,0.038707938,0.9530817
0,60,VR,Apple,KhsuR8Z4YY8,performance,0.028769018,0.17427535,0.7969557
0,60,VR,Apple,KhsuR8Z4YY8,experience,0.022649158,0.6653144,0.3120365
0,60,VR,Apple,KhsuR8Z4YY8,gaming,0.0061890795,0.9874091,0.0064018313
0,60,VR,Apple,KhsuR8Z4YY8,mixed reality,0.69730186,0.2920738,0.010624272
0,60,VR,Apple,KhsuR8Z4YY8,Gyroscope,0.13273862,0.83625245,0.031009018
0,60,VR,Apple,KhsuR8Z4YY8,audio,0.02568533,0.93132097,0.04299372
0,60,VR,Apple,KhsuR8Z4YY8,visual,0.14964703,0.7292408,0.121112175
0,60,VR,Apple,KhsuR8Z4YY8,technology,0.022768557,0.3029749,0.6742565
0,60,VR,Apple,KhsuR8Z4YY8,specification,0.12331703,0.7779121,0.09877089
0,61,VR,Apple,BpzFH_l58rg,performance,0.010051355,0.9133644,0.07658425
0,61,VR,Apple,BpzFH_l58rg,experience,0.0072777434,0.90168786,0.09103433
0,61,VR,Apple,BpzFH_l58rg,gaming,0.0069145192,0.9663561,0.026729317
0,61,VR,Apple,BpzFH_l58rg,mixed reality,0.011390556,0.94919044,0.03941901
0,61,VR,Apple,BpzFH_l58rg,Gyroscope,0.0100950105,0.9246377,0.06526736
0,61,VR,Apple,BpzFH_l58rg,audio,0.0064685754,0.9640871,0.029444246
0,61,VR,Apple,BpzFH_l58rg,visual,0.00580755,0.9333882,0.0608043
0,61,VR,Apple,BpzFH_l58rg,technology,0.008128762,0.89631975,0.09555151
0,61,VR,Apple,BpzFH_l58rg,specification,0.008896245,0.945846,0.045257714
0,62,VR,Apple,BpzFH_l58rg,performance,0.03473157,0.6594745,0.3057939
0,62,VR,Apple,BpzFH_l58rg,experience,0.025041737,0.78045166,0.19450663
0,62,VR,Apple,BpzFH_l58rg,gaming,0.04946249,0.8712703,0.0792672
0,62,VR,Apple,BpzFH_l58rg,mixed reality,0.1824382,0.6816148,0.13594693
0,62,VR,Apple,BpzFH_l58rg,Gyroscope,0.054075945,0.77676,0.16916412
0,62,VR,Apple,BpzFH_l58rg,audio,0.045930874,0.8285775,0.12549162
0,62,VR,Apple,BpzFH_l58rg,visual,0.05751898,0.799006,0.14347497
0,62,VR,Apple,BpzFH_l58rg,technology,0.029064601,0.766188,0.20474733
0,62,VR,Apple,BpzFH_l58rg,specification,0.06446212,0.77376693,0.16177098
0,63,VR,Apple,BpzFH_l58rg,performance,0.007520646,0.15855846,0.8339209
0,63,VR,Apple,BpzFH_l58rg,experience,0.009499297,0.60978466,0.38071594
0,63,VR,Apple,BpzFH_l58rg,gaming,0.014548392,0.5630663,0.4223853
0,63,VR,Apple,BpzFH_l58rg,mixed reality,0.016664123,0.5525816,0.43075418
0,63,VR,Apple,BpzFH_l58rg,Gyroscope,0.013902931,0.43905047,0.5470466
0,63,VR,Apple,BpzFH_l58rg,audio,0.01142015,0.3814479,0.6071319
0,63,VR,Apple,BpzFH_l58rg,visual,0.011491365,0.28800237,0.7005063
0,63,VR,Apple,BpzFH_l58rg,technology,0.009157219,0.5761646,0.41467816
0,63,VR,Apple,BpzFH_l58rg,specification,0.013892189,0.5015167,0.48459116
0,64,VR,Apple,BpzFH_l58rg,performance,0.098077446,0.05974507,0.84217745
0,64,VR,Apple,BpzFH_l58rg,experience,0.061163254,0.05585349,0.8829833
0,64,VR,Apple,BpzFH_l58rg,gaming,0.060086742,0.072984554,0.86692876
0,64,VR,Apple,BpzFH_l58rg,mixed reality,0.10883184,0.10831683,0.7828514
0,64,VR,Apple,BpzFH_l58rg,Gyroscope,0.21642956,0.09906598,0.68450445
0,64,VR,Apple,BpzFH_l58rg,audio,0.15658574,0.075498894,0.7679153
0,64,VR,Apple,BpzFH_l58rg,visual,0.123143956,0.07071657,0.8061394
0,64,VR,Apple,BpzFH_l58rg,technology,0.11056272,0.09475487,0.79468244
0,64,VR,Apple,BpzFH_l58rg,specification,0.09186432,0.056204647,0.85193104
0,65,VR,Apple,BpzFH_l58rg,performance,0.23701361,0.521729,0.2412574
0,65,VR,Apple,BpzFH_l58rg,experience,0.32929948,0.4748924,0.19580814
0,65,VR,Apple,BpzFH_l58rg,gaming,0.25487068,0.53502774,0.21010154
0,65,VR,Apple,BpzFH_l58rg,mixed reality,0.3668979,0.4544144,0.17868769
0,65,VR,Apple,BpzFH_l58rg,Gyroscope,0.28266263,0.5055485,0.21178892
0,65,VR,Apple,BpzFH_l58rg,audio,0.24058342,0.5270824,0.23233421
0,65,VR,Apple,BpzFH_l58rg,visual,0.29904702,0.48694912,0.2140039
0,65,VR,Apple,BpzFH_l58rg,technology,0.26693872,0.49437183,0.23868944
0,65,VR,Apple,BpzFH_l58rg,specification,0.2582448,0.51465875,0.22709644
0,66,VR,Apple,Gyo6apLIMM4,performance,0.79289037,0.086233355,0.12087632
0,66,VR,Apple,Gyo6apLIMM4,experience,0.78932106,0.08738896,0.123289995
0,66,VR,Apple,Gyo6apLIMM4,gaming,0.7793689,0.098331586,0.122299515
0,66,VR,Apple,Gyo6apLIMM4,mixed reality,0.78289187,0.09226211,0.12484607
0,66,VR,Apple,Gyo6apLIMM4,Gyroscope,0.79436636,0.08839792,0.11723577
0,66,VR,Apple,Gyo6apLIMM4,audio,0.7890851,0.087426424,0.12348848
0,66,VR,Apple,Gyo6apLIMM4,visual,0.79686195,0.083949596,0.1191884
0,66,VR,Apple,Gyo6apLIMM4,technology,0.79614925,0.08577357,0.11807722
0,66,VR,Apple,Gyo6apLIMM4,specification,0.7943477,0.084994495,0.12065773
0,67,VR,Apple,Gyo6apLIMM4,performance,0.0507759,0.47442007,0.47480404
0,67,VR,Apple,Gyo6apLIMM4,experience,0.052083354,0.48557594,0.46234068
0,67,VR,Apple,Gyo6apLIMM4,gaming,0.05116432,0.56232136,0.38651437
0,67,VR,Apple,Gyo6apLIMM4,mixed reality,0.050938908,0.52938783,0.41967326
0,67,VR,Apple,Gyo6apLIMM4,Gyroscope,0.055659313,0.5355465,0.40879425
0,67,VR,Apple,Gyo6apLIMM4,audio,0.05532973,0.49261042,0.45205975
0,67,VR,Apple,Gyo6apLIMM4,visual,0.05259656,0.49305424,0.45434922
0,67,VR,Apple,Gyo6apLIMM4,technology,0.051433206,0.5137727,0.43479407
0,67,VR,Apple,Gyo6apLIMM4,specification,0.051532414,0.5001662,0.44830137
0,68,VR,Apple,Gyo6apLIMM4,performance,0.18775205,0.07917378,0.7330742
0,68,VR,Apple,Gyo6apLIMM4,experience,0.17584449,0.07337116,0.75078434
0,68,VR,Apple,Gyo6apLIMM4,gaming,0.16959697,0.08224565,0.74815744
0,68,VR,Apple,Gyo6apLIMM4,mixed reality,0.19158675,0.08223312,0.7261801
0,68,VR,Apple,Gyo6apLIMM4,Gyroscope,0.19280401,0.08474871,0.7224472
0,68,VR,Apple,Gyo6apLIMM4,audio,0.18292783,0.078409195,0.738663
0,68,VR,Apple,Gyo6apLIMM4,visual,0.18917586,0.075940825,0.7348833
0,68,VR,Apple,Gyo6apLIMM4,technology,0.18997082,0.08166738,0.7283618
0,68,VR,Apple,Gyo6apLIMM4,specification,0.20028885,0.08183325,0.7178779
0,69,VR,Apple,Gyo6apLIMM4,performance,0.39160362,0.21691945,0.39147696
0,69,VR,Apple,Gyo6apLIMM4,experience,0.36113584,0.2256156,0.41324854
0,69,VR,Apple,Gyo6apLIMM4,gaming,0.35580233,0.2435852,0.4006125
0,69,VR,Apple,Gyo6apLIMM4,mixed reality,0.3674127,0.23846762,0.39411968
0,69,VR,Apple,Gyo6apLIMM4,Gyroscope,0.38882768,0.23175079,0.37942156
0,69,VR,Apple,Gyo6apLIMM4,audio,0.37394273,0.23038875,0.39566848
0,69,VR,Apple,Gyo6apLIMM4,visual,0.37925828,0.2249594,0.3957823
0,69,VR,Apple,Gyo6apLIMM4,technology,0.41263175,0.21915181,0.36821643
0,69,VR,Apple,Gyo6apLIMM4,specification,0.3902771,0.2249623,0.38476062
0,70,VR,Apple,Gyo6apLIMM4,performance,0.050904937,0.19232212,0.75677294
0,70,VR,Apple,Gyo6apLIMM4,experience,0.049215823,0.1822594,0.7685248
0,70,VR,Apple,Gyo6apLIMM4,gaming,0.051204268,0.20791028,0.74088544
0,70,VR,Apple,Gyo6apLIMM4,mixed reality,0.04524656,0.1879959,0.76675755
0,70,VR,Apple,Gyo6apLIMM4,Gyroscope,0.052116252,0.20531641,0.74256736
0,70,VR,Apple,Gyo6apLIMM4,audio,0.051900104,0.19810228,0.7499976
0,70,VR,Apple,Gyo6apLIMM4,visual,0.05183948,0.20044477,0.7477158
0,70,VR,Apple,Gyo6apLIMM4,technology,0.056803994,0.2036175,0.7395785
0,70,VR,Apple,Gyo6apLIMM4,specification,0.0511209,0.19896422,0.7499149
0,71,VR,Apple,tCTxGRaeFxc,performance,0.011982182,0.93559265,0.05242519
0,71,VR,Apple,tCTxGRaeFxc,experience,0.011973911,0.93502086,0.053005207
0,71,VR,Apple,tCTxGRaeFxc,gaming,0.008540198,0.9525863,0.038873523
0,71,VR,Apple,tCTxGRaeFxc,mixed reality,0.012636396,0.93666387,0.05069981
0,71,VR,Apple,tCTxGRaeFxc,Gyroscope,0.012101234,0.93856496,0.049333837
0,71,VR,Apple,tCTxGRaeFxc,audio,0.010698438,0.94453055,0.044771068
0,71,VR,Apple,tCTxGRaeFxc,visual,0.0115675805,0.9389483,0.049484193
0,71,VR,Apple,tCTxGRaeFxc,technology,0.011585894,0.9366594,0.05175468
0,71,VR,Apple,tCTxGRaeFxc,specification,0.011252679,0.93921214,0.049535166
0,72,VR,Apple,tCTxGRaeFxc,performance,0.038809128,0.52674663,0.4344442
0,72,VR,Apple,tCTxGRaeFxc,experience,0.039806377,0.51779693,0.44239667
0,72,VR,Apple,tCTxGRaeFxc,gaming,0.03462881,0.62140685,0.34396428
0,72,VR,Apple,tCTxGRaeFxc,mixed reality,0.040856883,0.53882354,0.42031962
0,72,VR,Apple,tCTxGRaeFxc,Gyroscope,0.041073147,0.5260211,0.4329057
0,72,VR,Apple,tCTxGRaeFxc,audio,0.037829336,0.55597466,0.40619603
0,72,VR,Apple,tCTxGRaeFxc,visual,0.04013353,0.52520853,0.4346579
0,72,VR,Apple,tCTxGRaeFxc,technology,0.039120067,0.52376467,0.43711528
0,72,VR,Apple,tCTxGRaeFxc,specification,0.041193157,0.52170557,0.43710124
0,73,VR,Apple,tCTxGRaeFxc,performance,0.056497373,0.859059,0.08444369
0,73,VR,Apple,tCTxGRaeFxc,experience,0.063078895,0.8500569,0.0868642
0,73,VR,Apple,tCTxGRaeFxc,gaming,0.058810025,0.86498123,0.07620869
0,73,VR,Apple,tCTxGRaeFxc,mixed reality,0.042648282,0.82905245,0.12829934
0,73,VR,Apple,tCTxGRaeFxc,Gyroscope,0.062813915,0.8536051,0.083581015
0,73,VR,Apple,tCTxGRaeFxc,audio,0.061742295,0.85039735,0.087860346
0,73,VR,Apple,tCTxGRaeFxc,visual,0.064805634,0.85203505,0.08315935
0,73,VR,Apple,tCTxGRaeFxc,technology,0.061760183,0.8504484,0.08779143
0,73,VR,Apple,tCTxGRaeFxc,specification,0.059547137,0.8586011,0.081851795
0,74,VR,Apple,tCTxGRaeFxc,performance,0.03661174,0.67122203,0.29216617
0,74,VR,Apple,tCTxGRaeFxc,experience,0.038796857,0.68289703,0.27830613
0,74,VR,Apple,tCTxGRaeFxc,gaming,0.03660458,0.7360189,0.22737661
0,74,VR,Apple,tCTxGRaeFxc,mixed reality,0.04632218,0.6984019,0.25527596
0,74,VR,Apple,tCTxGRaeFxc,Gyroscope,0.0410731,0.6941333,0.2647936
0,74,VR,Apple,tCTxGRaeFxc,audio,0.037535556,0.70801806,0.2544464
0,74,VR,Apple,tCTxGRaeFxc,visual,0.04049394,0.668086,0.29142007
0,74,VR,Apple,tCTxGRaeFxc,technology,0.03807928,0.6238,0.33812073
0,74,VR,Apple,tCTxGRaeFxc,specification,0.04293237,0.6790206,0.27804708
0,75,VR,Apple,tCTxGRaeFxc,performance,0.31091383,0.45355564,0.2355304
0,75,VR,Apple,tCTxGRaeFxc,experience,0.3082464,0.4565595,0.23519406
0,75,VR,Apple,tCTxGRaeFxc,gaming,0.31636724,0.4700661,0.21356669
0,75,VR,Apple,tCTxGRaeFxc,mixed reality,0.3450441,0.43789715,0.21705873
0,75,VR,Apple,tCTxGRaeFxc,Gyroscope,0.31887797,0.4536837,0.22743829
0,75,VR,Apple,tCTxGRaeFxc,audio,0.30714235,0.46264434,0.23021328
0,75,VR,Apple,tCTxGRaeFxc,visual,0.32877082,0.44092223,0.23030692
0,75,VR,Apple,tCTxGRaeFxc,technology,0.29110628,0.4692705,0.23962317
0,75,VR,Apple,tCTxGRaeFxc,specification,0.30618984,0.4623083,0.23150189
0,76,VR,Apple,xnl1nKTp52Q,performance,0.11650087,0.7786447,0.10485441
0,76,VR,Apple,xnl1nKTp52Q,experience,0.1118679,0.81220794,0.0759241
0,76,VR,Apple,xnl1nKTp52Q,gaming,0.042324968,0.919621,0.038054068
0,76,VR,Apple,xnl1nKTp52Q,mixed reality,0.12972398,0.7851963,0.08507968
0,76,VR,Apple,xnl1nKTp52Q,Gyroscope,0.09968997,0.8238247,0.076485336
0,76,VR,Apple,xnl1nKTp52Q,audio,0.11544001,0.8124686,0.0720914
0,76,VR,Apple,xnl1nKTp52Q,visual,0.111781545,0.8233385,0.06487994
0,76,VR,Apple,xnl1nKTp52Q,technology,0.07615136,0.872298,0.051550638
0,76,VR,Apple,xnl1nKTp52Q,specification,0.1214091,0.7992103,0.07938061
0,77,VR,Apple,xnl1nKTp52Q,performance,0.20218575,0.75135297,0.04646132
0,77,VR,Apple,xnl1nKTp52Q,experience,0.13239588,0.84007764,0.027526466
0,77,VR,Apple,xnl1nKTp52Q,gaming,0.22615196,0.7576102,0.016237844
0,77,VR,Apple,xnl1nKTp52Q,mixed reality,0.5101689,0.46384808,0.025982969
0,77,VR,Apple,xnl1nKTp52Q,Gyroscope,0.31141892,0.6612233,0.02735775
0,77,VR,Apple,xnl1nKTp52Q,audio,0.39888683,0.57296264,0.028150508
0,77,VR,Apple,xnl1nKTp52Q,visual,0.36734852,0.603306,0.029345483
0,77,VR,Apple,xnl1nKTp52Q,technology,0.26223472,0.695482,0.042283192
0,77,VR,Apple,xnl1nKTp52Q,specification,0.14728388,0.81150293,0.04121316
0,78,VR,Apple,xnl1nKTp52Q,performance,0.083133675,0.7223209,0.19454545
0,78,VR,Apple,xnl1nKTp52Q,experience,0.059720848,0.7507823,0.18949686
0,78,VR,Apple,xnl1nKTp52Q,gaming,0.06581145,0.8704107,0.06377788
0,78,VR,Apple,xnl1nKTp52Q,mixed reality,0.32424268,0.61993086,0.055826467
0,78,VR,Apple,xnl1nKTp52Q,Gyroscope,0.13246703,0.7466288,0.12090416
0,78,VR,Apple,xnl1nKTp52Q,audio,0.1281561,0.7807401,0.09110383
0,78,VR,Apple,xnl1nKTp52Q,visual,0.20192404,0.6308132,0.1672628
0,78,VR,Apple,xnl1nKTp52Q,technology,0.060534533,0.5084374,0.4310281
0,78,VR,Apple,xnl1nKTp52Q,specification,0.06500633,0.79285246,0.1421412
0,79,VR,Apple,xnl1nKTp52Q,performance,0.009299882,0.1601351,0.83056504
0,79,VR,Apple,xnl1nKTp52Q,experience,0.01333779,0.23886588,0.74779636
0,79,VR,Apple,xnl1nKTp52Q,gaming,0.0155758755,0.35381132,0.6306128
0,79,VR,Apple,xnl1nKTp52Q,mixed reality,0.021398993,0.8110598,0.16754119
0,79,VR,Apple,xnl1nKTp52Q,Gyroscope,0.011278942,0.3635832,0.6251378
0,79,VR,Apple,xnl1nKTp52Q,audio,0.0205208,0.24610382,0.7333754
0,79,VR,Apple,xnl1nKTp52Q,visual,0.010528332,0.21481845,0.7746532
0,79,VR,Apple,xnl1nKTp52Q,technology,0.010631372,0.24530791,0.74406075
0,79,VR,Apple,xnl1nKTp52Q,specification,0.015789436,0.3944311,0.58977944
0,80,VR,Apple,xnl1nKTp52Q,performance,0.059045833,0.071455956,0.86949825
0,80,VR,Apple,xnl1nKTp52Q,experience,0.073828496,0.07807098,0.84810054
0,80,VR,Apple,xnl1nKTp52Q,gaming,0.08471493,0.08578113,0.829504
0,80,VR,Apple,xnl1nKTp52Q,mixed reality,0.08431189,0.078390665,0.8372974
0,80,VR,Apple,xnl1nKTp52Q,Gyroscope,0.068186216,0.07909815,0.8527156
0,80,VR,Apple,xnl1nKTp52Q,audio,0.049050797,0.058048733,0.89290047
0,80,VR,Apple,xnl1nKTp52Q,visual,0.07300132,0.06929445,0.8577042
0,80,VR,Apple,xnl1nKTp52Q,technology,0.08965562,0.10170755,0.80863684
0,80,VR,Apple,xnl1nKTp52Q,specification,0.07049386,0.07931837,0.8501878
0,81,VR,Apple,CG8UbTEGmQI,performance,0.9761772,0.018916836,0.0049058693
0,81,VR,Apple,CG8UbTEGmQI,experience,0.9520588,0.042367842,0.005573335
0,81,VR,Apple,CG8UbTEGmQI,gaming,0.91986626,0.07479726,0.0053365515
0,81,VR,Apple,CG8UbTEGmQI,mixed reality,0.9563048,0.03967539,0.004019914
0,81,VR,Apple,CG8UbTEGmQI,Gyroscope,0.88611406,0.103301235,0.010584642
0,81,VR,Apple,CG8UbTEGmQI,audio,0.9937831,0.00502287,0.0011940184
0,81,VR,Apple,CG8UbTEGmQI,visual,0.88833916,0.10020722,0.0114536565
0,81,VR,Apple,CG8UbTEGmQI,technology,0.85319257,0.13326839,0.013539027
0,81,VR,Apple,CG8UbTEGmQI,specification,0.7994429,0.18633519,0.014221822
0,82,VR,Apple,CG8UbTEGmQI,performance,0.8203275,0.12328302,0.056389395
0,82,VR,Apple,CG8UbTEGmQI,experience,0.81045234,0.15536453,0.03418305
0,82,VR,Apple,CG8UbTEGmQI,gaming,0.829009,0.1533106,0.017680364
0,82,VR,Apple,CG8UbTEGmQI,mixed reality,0.7251075,0.24156305,0.033329446
0,82,VR,Apple,CG8UbTEGmQI,Gyroscope,0.823419,0.14599976,0.030581327
0,82,VR,Apple,CG8UbTEGmQI,audio,0.79196656,0.16745399,0.040579487
0,82,VR,Apple,CG8UbTEGmQI,visual,0.8306443,0.14048876,0.028866954
0,82,VR,Apple,CG8UbTEGmQI,technology,0.82842046,0.14605641,0.025523119
0,82,VR,Apple,CG8UbTEGmQI,specification,0.8416957,0.13025744,0.028046893
0,83,VR,Apple,CG8UbTEGmQI,performance,0.90080017,0.078188516,0.021011371
0,83,VR,Apple,CG8UbTEGmQI,experience,0.8079637,0.14927301,0.042763345
0,83,VR,Apple,CG8UbTEGmQI,gaming,0.7505285,0.2310008,0.018470597
0,83,VR,Apple,CG8UbTEGmQI,mixed reality,0.91502005,0.070352145,0.014627795
0,83,VR,Apple,CG8UbTEGmQI,Gyroscope,0.8688648,0.1088635,0.022271676
0,83,VR,Apple,CG8UbTEGmQI,audio,0.7537341,0.2178297,0.02843614
0,83,VR,Apple,CG8UbTEGmQI,visual,0.90990216,0.06986882,0.020228988
0,83,VR,Apple,CG8UbTEGmQI,technology,0.9354429,0.051364817,0.013192224
0,83,VR,Apple,CG8UbTEGmQI,specification,0.8143357,0.1613852,0.02427907
0,84,VR,Apple,CG8UbTEGmQI,performance,0.013871606,0.043769583,0.94235885
0,84,VR,Apple,CG8UbTEGmQI,experience,0.019956654,0.09485212,0.88519126
0,84,VR,Apple,CG8UbTEGmQI,gaming,0.018192723,0.09867021,0.88313705
0,84,VR,Apple,CG8UbTEGmQI,mixed reality,0.107465915,0.19802372,0.69451034
0,84,VR,Apple,CG8UbTEGmQI,Gyroscope,0.019882767,0.09276895,0.88734823
0,84,VR,Apple,CG8UbTEGmQI,audio,0.014747932,0.059253346,0.92599875
0,84,VR,Apple,CG8UbTEGmQI,visual,0.025095092,0.08178599,0.8931189
0,84,VR,Apple,CG8UbTEGmQI,technology,0.010987981,0.03734708,0.951665
0,84,VR,Apple,CG8UbTEGmQI,specification,0.026406782,0.09657806,0.8770152
0,85,VR,Apple,CG8UbTEGmQI,performance,0.021724667,0.16108969,0.8171856
0,85,VR,Apple,CG8UbTEGmQI,experience,0.015205028,0.14152877,0.8432662
0,85,VR,Apple,CG8UbTEGmQI,gaming,0.020736111,0.19375932,0.7855045
0,85,VR,Apple,CG8UbTEGmQI,mixed reality,0.03741743,0.22240888,0.74017364
0,85,VR,Apple,CG8UbTEGmQI,Gyroscope,0.015635423,0.22495598,0.7594086
0,85,VR,Apple,CG8UbTEGmQI,audio,0.011890249,0.20208894,0.7860208
0,85,VR,Apple,CG8UbTEGmQI,visual,0.013048195,0.17806941,0.8088824
0,85,VR,Apple,CG8UbTEGmQI,technology,0.014744313,0.23427753,0.7509782
0,85,VR,Apple,CG8UbTEGmQI,specification,0.031135619,0.24519268,0.7236717
0,86,VR,Apple,aJCXImHdTYY,performance,0.03194503,0.8261206,0.14193434
0,86,VR,Apple,aJCXImHdTYY,experience,0.016161138,0.94126046,0.042578436
0,86,VR,Apple,aJCXImHdTYY,gaming,0.022971278,0.94611293,0.030915821
0,86,VR,Apple,aJCXImHdTYY,mixed reality,0.084061034,0.86335415,0.05258478
0,86,VR,Apple,aJCXImHdTYY,Gyroscope,0.039124276,0.8650784,0.095797256
0,86,VR,Apple,aJCXImHdTYY,audio,0.005421058,0.97769815,0.016880812
0,86,VR,Apple,aJCXImHdTYY,visual,0.0049470253,0.92601484,0.069038205
0,86,VR,Apple,aJCXImHdTYY,technology,0.028714785,0.73105377,0.24023147
0,86,VR,Apple,aJCXImHdTYY,specification,0.048413552,0.90009594,0.051490452
0,87,VR,Apple,aJCXImHdTYY,performance,0.00514655,0.24249372,0.75235975
0,87,VR,Apple,aJCXImHdTYY,experience,0.0055175656,0.2758975,0.7185849
0,87,VR,Apple,aJCXImHdTYY,gaming,0.0060617877,0.43311718,0.56082106
0,87,VR,Apple,aJCXImHdTYY,mixed reality,0.010554926,0.51414055,0.47530448
0,87,VR,Apple,aJCXImHdTYY,Gyroscope,0.0057262243,0.39508265,0.59919107
0,87,VR,Apple,aJCXImHdTYY,audio,0.0052447272,0.3178941,0.6768611
0,87,VR,Apple,aJCXImHdTYY,visual,0.0063142395,0.56211424,0.43157154
0,87,VR,Apple,aJCXImHdTYY,technology,0.004646213,0.22216529,0.7731885
0,87,VR,Apple,aJCXImHdTYY,specification,0.00664151,0.3396064,0.6537521
0,88,VR,Apple,aJCXImHdTYY,performance,0.022822347,0.49793237,0.47924533
0,88,VR,Apple,aJCXImHdTYY,experience,0.018828478,0.41590628,0.56526524
0,88,VR,Apple,aJCXImHdTYY,gaming,0.014668271,0.7691898,0.21614192
0,88,VR,Apple,aJCXImHdTYY,mixed reality,0.050121013,0.76486963,0.1850094
0,88,VR,Apple,aJCXImHdTYY,Gyroscope,0.028333968,0.70439357,0.26727244
0,88,VR,Apple,aJCXImHdTYY,audio,0.018544126,0.71662366,0.2648322
0,88,VR,Apple,aJCXImHdTYY,visual,0.0264793,0.64883006,0.32469073
0,88,VR,Apple,aJCXImHdTYY,technology,0.02049984,0.74361223,0.23588799
0,88,VR,Apple,aJCXImHdTYY,specification,0.02617798,0.6053363,0.36848578
0,89,VR,Apple,aJCXImHdTYY,performance,0.59463316,0.28116056,0.12420622
0,89,VR,Apple,aJCXImHdTYY,experience,0.5502237,0.39051038,0.05926592
0,89,VR,Apple,aJCXImHdTYY,gaming,0.34736818,0.58628416,0.066347666
0,89,VR,Apple,aJCXImHdTYY,mixed reality,0.53076684,0.41347522,0.05575787
0,89,VR,Apple,aJCXImHdTYY,Gyroscope,0.43476072,0.49309394,0.072145276
0,89,VR,Apple,aJCXImHdTYY,audio,0.48564786,0.44175425,0.07259796
0,89,VR,Apple,aJCXImHdTYY,visual,0.394507,0.5309326,0.07456038
0,89,VR,Apple,aJCXImHdTYY,technology,0.27162942,0.65818673,0.070183836
0,89,VR,Apple,aJCXImHdTYY,specification,0.48504153,0.42415467,0.09080377
0,90,VR,Apple,aJCXImHdTYY,performance,0.002200996,0.984475,0.013324074
0,90,VR,Apple,aJCXImHdTYY,experience,0.0020889794,0.98619163,0.011719415
0,90,VR,Apple,aJCXImHdTYY,gaming,0.0022995125,0.9871465,0.010553996
0,90,VR,Apple,aJCXImHdTYY,mixed reality,0.002259608,0.98743546,0.010304878
0,90,VR,Apple,aJCXImHdTYY,Gyroscope,0.0021869543,0.98810285,0.009710217
0,90,VR,Apple,aJCXImHdTYY,audio,0.0022358466,0.9882675,0.009496673
0,90,VR,Apple,aJCXImHdTYY,visual,0.0022028894,0.9872111,0.010585973
0,90,VR,Apple,aJCXImHdTYY,technology,0.0023331132,0.98696774,0.010699118
0,90,VR,Apple,aJCXImHdTYY,specification,0.0022023867,0.9871274,0.010670125
0,91,VR,Apple,pjxgkG53C38,performance,0.0056368406,0.13138394,0.86297923
0,91,VR,Apple,pjxgkG53C38,experience,0.0052085193,0.18147977,0.81331176
0,91,VR,Apple,pjxgkG53C38,gaming,0.011036533,0.5162872,0.47267628
0,91,VR,Apple,pjxgkG53C38,mixed reality,0.009245365,0.30228692,0.68846774
0,91,VR,Apple,pjxgkG53C38,Gyroscope,0.008017872,0.22444966,0.76753247
0,91,VR,Apple,pjxgkG53C38,audio,0.0065577747,0.24482894,0.7486133
0,91,VR,Apple,pjxgkG53C38,visual,0.003857933,0.0794417,0.9167004
0,91,VR,Apple,pjxgkG53C38,technology,0.009162519,0.4027444,0.5880931
0,91,VR,Apple,pjxgkG53C38,specification,0.0071951435,0.23436676,0.75843817
0,92,VR,Apple,pjxgkG53C38,performance,0.009716494,0.026870618,0.96341294
0,92,VR,Apple,pjxgkG53C38,experience,0.013268796,0.035288896,0.9514423
0,92,VR,Apple,pjxgkG53C38,gaming,0.008014301,0.027667657,0.964318
0,92,VR,Apple,pjxgkG53C38,mixed reality,0.02761287,0.057272576,0.9151145
0,92,VR,Apple,pjxgkG53C38,Gyroscope,0.020230757,0.047521815,0.93224746
0,92,VR,Apple,pjxgkG53C38,audio,0.008840908,0.027863761,0.96329534
0,92,VR,Apple,pjxgkG53C38,visual,0.010489119,0.029573994,0.95993686
0,92,VR,Apple,pjxgkG53C38,technology,0.012883427,0.039889723,0.9472269
0,92,VR,Apple,pjxgkG53C38,specification,0.010416025,0.036862694,0.9527213
0,93,VR,Apple,pjxgkG53C38,performance,0.9567808,0.03560881,0.00761042
0,93,VR,Apple,pjxgkG53C38,experience,0.9267586,0.06502742,0.008214009
0,93,VR,Apple,pjxgkG53C38,gaming,0.87173796,0.117861405,0.010400697
0,93,VR,Apple,pjxgkG53C38,mixed reality,0.9144468,0.07670365,0.008849561
0,93,VR,Apple,pjxgkG53C38,Gyroscope,0.95997554,0.036244087,0.0037803245
0,93,VR,Apple,pjxgkG53C38,audio,0.88855916,0.10319995,0.00824091
0,93,VR,Apple,pjxgkG53C38,visual,0.92985183,0.06413313,0.006014993
0,93,VR,Apple,pjxgkG53C38,technology,0.890249,0.10288149,0.0068695163
0,93,VR,Apple,pjxgkG53C38,specification,0.9185918,0.0756813,0.005726871
0,94,VR,Apple,pjxgkG53C38,performance,0.9033016,0.057523914,0.03917444
0,94,VR,Apple,pjxgkG53C38,experience,0.86844194,0.07862078,0.05293728
0,94,VR,Apple,pjxgkG53C38,gaming,0.80059654,0.13938494,0.060018573
0,94,VR,Apple,pjxgkG53C38,mixed reality,0.86262715,0.0794656,0.057907335
0,94,VR,Apple,pjxgkG53C38,Gyroscope,0.89632607,0.066531576,0.037142362
0,94,VR,Apple,pjxgkG53C38,audio,0.87232155,0.07804729,0.04963117
0,94,VR,Apple,pjxgkG53C38,visual,0.90881747,0.056210175,0.03497231
0,94,VR,Apple,pjxgkG53C38,technology,0.90797985,0.05394527,0.038074955
0,94,VR,Apple,pjxgkG53C38,specification,0.89095634,0.066023976,0.04301962
0,95,VR,Apple,pjxgkG53C38,performance,0.62464195,0.21699822,0.15835983
0,95,VR,Apple,pjxgkG53C38,experience,0.61652,0.18332075,0.20015933
0,95,VR,Apple,pjxgkG53C38,gaming,0.5842614,0.2430646,0.17267403
0,95,VR,Apple,pjxgkG53C38,mixed reality,0.63695484,0.19671132,0.16633382
0,95,VR,Apple,pjxgkG53C38,Gyroscope,0.57961655,0.2702459,0.15013751
0,95,VR,Apple,pjxgkG53C38,audio,0.44266197,0.40691173,0.15042625
0,95,VR,Apple,pjxgkG53C38,visual,0.58551157,0.2377347,0.17675379
0,95,VR,Apple,pjxgkG53C38,technology,0.52146083,0.3324991,0.14604008
0,95,VR,Apple,pjxgkG53C38,specification,0.6584589,0.21249604,0.1290451
0,96,VR,Meta,B4-yO8KALao,performance,0.007775909,0.17375995,0.8184641
0,96,VR,Meta,B4-yO8KALao,experience,0.0064169946,0.13137798,0.862205
0,96,VR,Meta,B4-yO8KALao,gaming,0.008278608,0.25045508,0.74126637
0,96,VR,Meta,B4-yO8KALao,mixed reality,0.006070072,0.21253163,0.78139836
0,96,VR,Meta,B4-yO8KALao,Gyroscope,0.008580297,0.30930805,0.6821116
0,96,VR,Meta,B4-yO8KALao,audio,0.008750846,0.44048586,0.55076325
0,96,VR,Meta,B4-yO8KALao,visual,0.00868642,0.24474204,0.74657154
0,96,VR,Meta,B4-yO8KALao,technology,0.009069709,0.3085316,0.68239874
0,96,VR,Meta,B4-yO8KALao,specification,0.008614816,0.23823844,0.75314677
0,97,VR,Meta,B4-yO8KALao,performance,0.028320584,0.3293823,0.64229715
0,97,VR,Meta,B4-yO8KALao,experience,0.02187157,0.30579498,0.6723334
0,97,VR,Meta,B4-yO8KALao,gaming,0.03830523,0.57889473,0.3828
0,97,VR,Meta,B4-yO8KALao,mixed reality,0.06946726,0.34849623,0.5820365
0,97,VR,Meta,B4-yO8KALao,Gyroscope,0.03652183,0.45993185,0.5035463
0,97,VR,Meta,B4-yO8KALao,audio,0.02377093,0.7257081,0.25052103
0,97,VR,Meta,B4-yO8KALao,visual,0.04144452,0.3561074,0.60244805
0,97,VR,Meta,B4-yO8KALao,technology,0.021987095,0.4166405,0.5613724
0,97,VR,Meta,B4-yO8KALao,specification,0.042998742,0.39095312,0.56604815
0,98,VR,Meta,B4-yO8KALao,performance,0.022314006,0.7051665,0.27251944
0,98,VR,Meta,B4-yO8KALao,experience,0.021456694,0.6978555,0.2806878
0,98,VR,Meta,B4-yO8KALao,gaming,0.010872713,0.7163711,0.27275613
0,98,VR,Meta,B4-yO8KALao,mixed reality,0.036302105,0.70720357,0.25649443
0,98,VR,Meta,B4-yO8KALao,Gyroscope,0.026013127,0.61142224,0.36256465
0,98,VR,Meta,B4-yO8KALao,audio,0.028981676,0.56150603,0.40951228
0,98,VR,Meta,B4-yO8KALao,visual,0.023185682,0.6935373,0.28327703
0,98,VR,Meta,B4-yO8KALao,technology,0.023322016,0.62295985,0.35371807
0,98,VR,Meta,B4-yO8KALao,specification,0.026624672,0.62438995,0.34898546
0,99,VR,Meta,B4-yO8KALao,performance,0.67008317,0.19086409,0.13905273
0,99,VR,Meta,B4-yO8KALao,experience,0.7286295,0.18910705,0.08226348
0,99,VR,Meta,B4-yO8KALao,gaming,0.6014665,0.3241628,0.07437076
0,99,VR,Meta,B4-yO8KALao,mixed reality,0.74679196,0.18226857,0.07093951
0,99,VR,Meta,B4-yO8KALao,Gyroscope,0.7823434,0.14248672,0.07516995
0,99,VR,Meta,B4-yO8KALao,audio,0.60281837,0.22661246,0.17056915
0,99,VR,Meta,B4-yO8KALao,visual,0.7818453,0.15959363,0.05856106
0,99,VR,Meta,B4-yO8KALao,technology,0.7631528,0.14501134,0.09183588
0,99,VR,Meta,B4-yO8KALao,specification,0.73780143,0.17216556,0.090033025
0,100,VR,Meta,B4-yO8KALao,performance,0.011815823,0.10758591,0.88059825
0,100,VR,Meta,B4-yO8KALao,experience,0.011236981,0.14674091,0.84202206
0,100,VR,Meta,B4-yO8KALao,gaming,0.007998869,0.60596913,0.38603196
0,100,VR,Meta,B4-yO8KALao,mixed reality,0.027644936,0.27392912,0.69842595
0,100,VR,Meta,B4-yO8KALao,Gyroscope,0.012889036,0.24710976,0.7400012
0,100,VR,Meta,B4-yO8KALao,audio,0.012508604,0.26889765,0.7185937
0,100,VR,Meta,B4-yO8KALao,visual,0.014193773,0.2248696,0.7609366
0,100,VR,Meta,B4-yO8KALao,technology,0.010147419,0.1357734,0.8540792
0,100,VR,Meta,B4-yO8KALao,specification,0.014480928,0.12900606,0.856513
0,101,VR,Meta,rMP19wUSzeQ,performance,0.9802003,0.017763307,0.0020364595
0,101,VR,Meta,rMP19wUSzeQ,experience,0.98046,0.017890632,0.0016493698
0,101,VR,Meta,rMP19wUSzeQ,gaming,0.96707726,0.031073196,0.001849558
0,101,VR,Meta,rMP19wUSzeQ,mixed reality,0.97907376,0.019232268,0.0016940108
0,101,VR,Meta,rMP19wUSzeQ,Gyroscope,0.97627413,0.021645384,0.0020805788
0,101,VR,Meta,rMP19wUSzeQ,audio,0.9783585,0.019843701,0.0017978366
0,101,VR,Meta,rMP19wUSzeQ,visual,0.9860951,0.012268687,0.0016362835
0,101,VR,Meta,rMP19wUSzeQ,technology,0.98481804,0.013668919,0.0015130453
0,101,VR,Meta,rMP19wUSzeQ,specification,0.9808709,0.01752152,0.0016075806
0,102,VR,Meta,rMP19wUSzeQ,performance,0.0033737945,0.946284,0.050342254
0,102,VR,Meta,rMP19wUSzeQ,experience,0.0052166074,0.75682616,0.23795725
0,102,VR,Meta,rMP19wUSzeQ,gaming,0.0033656796,0.9576242,0.03901014
0,102,VR,Meta,rMP19wUSzeQ,mixed reality,0.009639776,0.93867666,0.051683538
0,102,VR,Meta,rMP19wUSzeQ,Gyroscope,0.0046932194,0.90586764,0.089439094
0,102,VR,Meta,rMP19wUSzeQ,audio,0.0037879166,0.9323799,0.06383213
0,102,VR,Meta,rMP19wUSzeQ,visual,0.005409369,0.9160412,0.0785494
0,102,VR,Meta,rMP19wUSzeQ,technology,0.0028603924,0.96081495,0.036324684
0,102,VR,Meta,rMP19wUSzeQ,specification,0.004531374,0.9273995,0.06806907
0,103,VR,Meta,rMP19wUSzeQ,performance,0.029352691,0.96378654,0.0068607954
0,103,VR,Meta,rMP19wUSzeQ,experience,0.015306874,0.97258806,0.012105075
0,103,VR,Meta,rMP19wUSzeQ,gaming,0.019079303,0.97143394,0.009486786
0,103,VR,Meta,rMP19wUSzeQ,mixed reality,0.023392688,0.9650944,0.011513016
0,103,VR,Meta,rMP19wUSzeQ,Gyroscope,0.021528764,0.96486515,0.013606007
0,103,VR,Meta,rMP19wUSzeQ,audio,0.13891731,0.8522124,0.008870248
0,103,VR,Meta,rMP19wUSzeQ,visual,0.030040134,0.9612096,0.008750239
0,103,VR,Meta,rMP19wUSzeQ,technology,0.017143851,0.97280735,0.010048799
0,103,VR,Meta,rMP19wUSzeQ,specification,0.028233757,0.96463335,0.0071328594
0,104,VR,Meta,rMP19wUSzeQ,performance,0.0040595974,0.038864344,0.9570761
0,104,VR,Meta,rMP19wUSzeQ,experience,0.002995491,0.03926242,0.9577421
0,104,VR,Meta,rMP19wUSzeQ,gaming,0.0036823447,0.042677283,0.9536404
0,104,VR,Meta,rMP19wUSzeQ,mixed reality,0.0035481614,0.04551263,0.9509392
0,104,VR,Meta,rMP19wUSzeQ,Gyroscope,0.0034251912,0.0451609,0.9514139
0,104,VR,Meta,rMP19wUSzeQ,audio,0.0037332824,0.04639359,0.94987315
0,104,VR,Meta,rMP19wUSzeQ,visual,0.003334996,0.038217884,0.9584471
0,104,VR,Meta,rMP19wUSzeQ,technology,0.0033044002,0.03862472,0.9580709
0,104,VR,Meta,rMP19wUSzeQ,specification,0.0039552446,0.042680338,0.95336443
0,105,VR,Meta,rMP19wUSzeQ,performance,0.013648011,0.31164184,0.6747101
0,105,VR,Meta,rMP19wUSzeQ,experience,0.012452246,0.2862697,0.70127803
0,105,VR,Meta,rMP19wUSzeQ,gaming,0.011560784,0.46825528,0.5201839
0,105,VR,Meta,rMP19wUSzeQ,mixed reality,0.015314048,0.35923696,0.625449
0,105,VR,Meta,rMP19wUSzeQ,Gyroscope,0.013453286,0.41762212,0.5689246
0,105,VR,Meta,rMP19wUSzeQ,audio,0.009387238,0.3663484,0.6242643
0,105,VR,Meta,rMP19wUSzeQ,visual,0.014088709,0.37253234,0.6133789
0,105,VR,Meta,rMP19wUSzeQ,technology,0.011666638,0.39014024,0.5981932
0,105,VR,Meta,rMP19wUSzeQ,specification,0.013056567,0.3563784,0.630565
0,106,VR,Meta,WSuYWXpyGw0,performance,0.0054769064,0.7549134,0.23960972
0,106,VR,Meta,WSuYWXpyGw0,experience,0.005367656,0.76439655,0.23023574
0,106,VR,Meta,WSuYWXpyGw0,gaming,0.0052841925,0.78766984,0.207046
0,106,VR,Meta,WSuYWXpyGw0,mixed reality,0.0055425423,0.7506516,0.24380594
0,106,VR,Meta,WSuYWXpyGw0,Gyroscope,0.0055728415,0.7488766,0.24555062
0,106,VR,Meta,WSuYWXpyGw0,audio,0.005516313,0.7467655,0.24771824
0,106,VR,Meta,WSuYWXpyGw0,visual,0.0055537024,0.747512,0.24693434
0,106,VR,Meta,WSuYWXpyGw0,technology,0.0053655864,0.7660624,0.22857207
0,106,VR,Meta,WSuYWXpyGw0,specification,0.005452818,0.7567402,0.23780693
0,107,VR,Meta,WSuYWXpyGw0,performance,0.17073427,0.7704115,0.05885422
0,107,VR,Meta,WSuYWXpyGw0,experience,0.16948126,0.7712298,0.059288934
0,107,VR,Meta,WSuYWXpyGw0,gaming,0.14444779,0.80546254,0.05008963
0,107,VR,Meta,WSuYWXpyGw0,mixed reality,0.16720462,0.7764436,0.05635172
0,107,VR,Meta,WSuYWXpyGw0,Gyroscope,0.18105988,0.7551582,0.063781954
0,107,VR,Meta,WSuYWXpyGw0,audio,0.18097898,0.7616702,0.05735087
0,107,VR,Meta,WSuYWXpyGw0,visual,0.17966944,0.7573936,0.062936895
0,107,VR,Meta,WSuYWXpyGw0,technology,0.17188449,0.7683289,0.059786607
0,107,VR,Meta,WSuYWXpyGw0,specification,0.1801426,0.7573668,0.062490582
0,108,VR,Meta,WSuYWXpyGw0,performance,0.061664637,0.5706948,0.36764055
0,108,VR,Meta,WSuYWXpyGw0,experience,0.06564123,0.5676428,0.36671594
0,108,VR,Meta,WSuYWXpyGw0,gaming,0.06074306,0.6371792,0.3020778
0,108,VR,Meta,WSuYWXpyGw0,mixed reality,0.071303725,0.5916932,0.33700302
0,108,VR,Meta,WSuYWXpyGw0,Gyroscope,0.06742206,0.586211,0.346367
0,108,VR,Meta,WSuYWXpyGw0,audio,0.053126324,0.67834646,0.26852718
0,108,VR,Meta,WSuYWXpyGw0,visual,0.06860318,0.5750665,0.3563303
0,108,VR,Meta,WSuYWXpyGw0,technology,0.067899935,0.562636,0.3694641
0,108,VR,Meta,WSuYWXpyGw0,specification,0.07095765,0.5447908,0.38425153
0,109,VR,Meta,WSuYWXpyGw0,performance,0.011667306,0.84225565,0.14607695
0,109,VR,Meta,WSuYWXpyGw0,experience,0.01291209,0.84073275,0.14635515
0,109,VR,Meta,WSuYWXpyGw0,gaming,0.012304712,0.8519845,0.13571076
0,109,VR,Meta,WSuYWXpyGw0,mixed reality,0.013139728,0.84362066,0.14323959
0,109,VR,Meta,WSuYWXpyGw0,Gyroscope,0.013958851,0.82744485,0.15859635
0,109,VR,Meta,WSuYWXpyGw0,audio,0.012502541,0.84223235,0.14526512
0,109,VR,Meta,WSuYWXpyGw0,visual,0.014064179,0.824601,0.16133489
0,109,VR,Meta,WSuYWXpyGw0,technology,0.01248343,0.84527594,0.14224058
0,109,VR,Meta,WSuYWXpyGw0,specification,0.013653644,0.834033,0.1523133
0,110,VR,Meta,WSuYWXpyGw0,performance,0.009265656,0.52491915,0.4658152
0,110,VR,Meta,WSuYWXpyGw0,experience,0.009460047,0.49742618,0.49311382
0,110,VR,Meta,WSuYWXpyGw0,gaming,0.0081887515,0.577391,0.41442025
0,110,VR,Meta,WSuYWXpyGw0,mixed reality,0.009314473,0.48557746,0.5051081
0,110,VR,Meta,WSuYWXpyGw0,Gyroscope,0.009222895,0.49974954,0.4910276
0,110,VR,Meta,WSuYWXpyGw0,audio,0.008791742,0.47377107,0.51743716
0,110,VR,Meta,WSuYWXpyGw0,visual,0.008555916,0.4473316,0.54411256
0,110,VR,Meta,WSuYWXpyGw0,technology,0.008876789,0.49746552,0.49365765
0,110,VR,Meta,WSuYWXpyGw0,specification,0.007991072,0.51654994,0.47545907
0,111,VR,Meta,6FwqdGfuyIk,performance,0.011796706,0.46725276,0.5209506
0,111,VR,Meta,6FwqdGfuyIk,experience,0.013423256,0.5948185,0.39175832
0,111,VR,Meta,6FwqdGfuyIk,gaming,0.004181219,0.9443304,0.051488336
0,111,VR,Meta,6FwqdGfuyIk,mixed reality,0.0070737065,0.73464096,0.2582853
0,111,VR,Meta,6FwqdGfuyIk,Gyroscope,0.007569074,0.9094561,0.08297492
0,111,VR,Meta,6FwqdGfuyIk,audio,0.008192761,0.90038335,0.09142383
0,111,VR,Meta,6FwqdGfuyIk,visual,0.011008572,0.78726923,0.2017222
0,111,VR,Meta,6FwqdGfuyIk,technology,0.010137658,0.72196513,0.26789722
0,111,VR,Meta,6FwqdGfuyIk,specification,0.014783964,0.7238425,0.26137352
0,112,VR,Meta,6FwqdGfuyIk,performance,0.035924952,0.14662728,0.8174478
0,112,VR,Meta,6FwqdGfuyIk,experience,0.035352737,0.13530938,0.82933795
0,112,VR,Meta,6FwqdGfuyIk,gaming,0.034107465,0.43373,0.53216255
0,112,VR,Meta,6FwqdGfuyIk,mixed reality,0.03429951,0.231634,0.7340665
0,112,VR,Meta,6FwqdGfuyIk,Gyroscope,0.04975775,0.21033707,0.7399051
0,112,VR,Meta,6FwqdGfuyIk,audio,0.02433188,0.21806958,0.7575985
0,112,VR,Meta,6FwqdGfuyIk,visual,0.023994375,0.13149314,0.84451246
0,112,VR,Meta,6FwqdGfuyIk,technology,0.022379095,0.12364958,0.8539713
0,112,VR,Meta,6FwqdGfuyIk,specification,0.030777227,0.14474244,0.8244803
0,113,VR,Meta,6FwqdGfuyIk,performance,0.011410677,0.44126865,0.5473206
0,113,VR,Meta,6FwqdGfuyIk,experience,0.012166941,0.6897918,0.29804125
0,113,VR,Meta,6FwqdGfuyIk,gaming,0.0077070976,0.8438131,0.14847973
0,113,VR,Meta,6FwqdGfuyIk,mixed reality,0.028674899,0.6734296,0.29789555
0,113,VR,Meta,6FwqdGfuyIk,Gyroscope,0.014813374,0.7192532,0.26593345
0,113,VR,Meta,6FwqdGfuyIk,audio,0.009497757,0.67051566,0.31998664
0,113,VR,Meta,6FwqdGfuyIk,visual,0.017332202,0.52701765,0.45565012
0,113,VR,Meta,6FwqdGfuyIk,technology,0.010621911,0.5364422,0.45293584
0,113,VR,Meta,6FwqdGfuyIk,specification,0.014234478,0.4979543,0.48781124
0,114,VR,Meta,6FwqdGfuyIk,performance,0.0066583795,0.7836732,0.20966838
0,114,VR,Meta,6FwqdGfuyIk,experience,0.0061857137,0.6741661,0.31964824
0,114,VR,Meta,6FwqdGfuyIk,gaming,0.005347295,0.91278875,0.08186396
0,114,VR,Meta,6FwqdGfuyIk,mixed reality,0.014667549,0.852718,0.13261451
0,114,VR,Meta,6FwqdGfuyIk,Gyroscope,0.007176808,0.7744654,0.21835786
0,114,VR,Meta,6FwqdGfuyIk,audio,0.004526886,0.90764534,0.08782782
0,114,VR,Meta,6FwqdGfuyIk,visual,0.0075956304,0.8455835,0.14682083
0,114,VR,Meta,6FwqdGfuyIk,technology,0.0069062174,0.6649497,0.328144
0,114,VR,Meta,6FwqdGfuyIk,specification,0.0077510285,0.765533,0.2267159
0,115,VR,Meta,6FwqdGfuyIk,performance,0.16185543,0.5388002,0.2993444
0,115,VR,Meta,6FwqdGfuyIk,experience,0.13916804,0.40517142,0.45566052
0,115,VR,Meta,6FwqdGfuyIk,gaming,0.049736917,0.76771873,0.18254434
0,115,VR,Meta,6FwqdGfuyIk,mixed reality,0.19049734,0.50145453,0.30804816
0,115,VR,Meta,6FwqdGfuyIk,Gyroscope,0.15685728,0.7067168,0.13642596
0,115,VR,Meta,6FwqdGfuyIk,audio,0.09321421,0.61244565,0.29434013
0,115,VR,Meta,6FwqdGfuyIk,visual,0.15369695,0.4030165,0.44328648
0,115,VR,Meta,6FwqdGfuyIk,technology,0.08885883,0.74368525,0.167456
0,115,VR,Meta,6FwqdGfuyIk,specification,0.1610046,0.4612006,0.37779477
0,116,VR,Meta,ixxqeiB1qpQ,performance,0.0010532937,0.011386687,0.98756
0,116,VR,Meta,ixxqeiB1qpQ,experience,0.001133999,0.011591807,0.98727417
0,116,VR,Meta,ixxqeiB1qpQ,gaming,0.0012774351,0.017123217,0.9815994
0,116,VR,Meta,ixxqeiB1qpQ,mixed reality,0.0013877501,0.019759204,0.97885305
0,116,VR,Meta,ixxqeiB1qpQ,Gyroscope,0.0011784864,0.012310896,0.9865107
0,116,VR,Meta,ixxqeiB1qpQ,audio,0.0011190322,0.011732492,0.98714846
0,116,VR,Meta,ixxqeiB1qpQ,visual,0.0010479303,0.011069955,0.98788214
0,116,VR,Meta,ixxqeiB1qpQ,technology,0.001078375,0.012644557,0.98627704
0,116,VR,Meta,ixxqeiB1qpQ,specification,0.0011724681,0.013620546,0.985207
0,117,VR,Meta,ixxqeiB1qpQ,performance,0.03679646,0.26000112,0.70320237
0,117,VR,Meta,ixxqeiB1qpQ,experience,0.029163353,0.23959827,0.7312383
0,117,VR,Meta,ixxqeiB1qpQ,gaming,0.0020593035,0.9900209,0.007919838
0,117,VR,Meta,ixxqeiB1qpQ,mixed reality,0.0156864,0.38487512,0.59943855
0,117,VR,Meta,ixxqeiB1qpQ,Gyroscope,0.05584477,0.32401097,0.62014425
0,117,VR,Meta,ixxqeiB1qpQ,audio,0.035952926,0.29475358,0.66929346
0,117,VR,Meta,ixxqeiB1qpQ,visual,0.021335704,0.43512383,0.54354054
0,117,VR,Meta,ixxqeiB1qpQ,technology,0.040968057,0.27156186,0.68747014
0,117,VR,Meta,ixxqeiB1qpQ,specification,0.0450468,0.28674656,0.6682067
0,118,VR,Meta,ixxqeiB1qpQ,performance,0.052797697,0.22530827,0.721894
0,118,VR,Meta,ixxqeiB1qpQ,experience,0.08821912,0.43951538,0.47226554
0,118,VR,Meta,ixxqeiB1qpQ,gaming,0.043370694,0.37679827,0.579831
0,118,VR,Meta,ixxqeiB1qpQ,mixed reality,0.05206625,0.31372908,0.6342047
0,118,VR,Meta,ixxqeiB1qpQ,Gyroscope,0.045625124,0.3451255,0.6092494
0,118,VR,Meta,ixxqeiB1qpQ,audio,0.04649418,0.28439596,0.6691099
0,118,VR,Meta,ixxqeiB1qpQ,visual,0.078094326,0.27929422,0.64261144
0,118,VR,Meta,ixxqeiB1qpQ,technology,0.060291465,0.43137434,0.50833416
0,118,VR,Meta,ixxqeiB1qpQ,specification,0.049556293,0.40907943,0.54136425
0,119,VR,Meta,ixxqeiB1qpQ,performance,0.026169145,0.82662,0.14721087
0,119,VR,Meta,ixxqeiB1qpQ,experience,0.017170757,0.91102153,0.071807735
0,119,VR,Meta,ixxqeiB1qpQ,gaming,0.011314515,0.9427459,0.04593962
0,119,VR,Meta,ixxqeiB1qpQ,mixed reality,0.023920499,0.8960641,0.080015354
0,119,VR,Meta,ixxqeiB1qpQ,Gyroscope,0.019336466,0.901962,0.07870153
0,119,VR,Meta,ixxqeiB1qpQ,audio,0.01357416,0.923606,0.06281979
0,119,VR,Meta,ixxqeiB1qpQ,visual,0.016388059,0.91172415,0.07188776
0,119,VR,Meta,ixxqeiB1qpQ,technology,0.02191753,0.90367925,0.07440326
0,119,VR,Meta,ixxqeiB1qpQ,specification,0.02173482,0.8823516,0.09591363
0,120,VR,Meta,ixxqeiB1qpQ,performance,0.003958625,0.02294159,0.9730998
0,120,VR,Meta,ixxqeiB1qpQ,experience,0.0030827394,0.024009716,0.9729075
0,120,VR,Meta,ixxqeiB1qpQ,gaming,0.00423948,0.035832576,0.959928
0,120,VR,Meta,ixxqeiB1qpQ,mixed reality,0.0031791462,0.02731319,0.9695077
0,120,VR,Meta,ixxqeiB1qpQ,Gyroscope,0.004401394,0.030580604,0.965018
0,120,VR,Meta,ixxqeiB1qpQ,audio,0.003941714,0.031210508,0.9648478
0,120,VR,Meta,ixxqeiB1qpQ,visual,0.003866294,0.029421432,0.9667123
0,120,VR,Meta,ixxqeiB1qpQ,technology,0.0033131107,0.02703141,0.9696555
0,120,VR,Meta,ixxqeiB1qpQ,specification,0.004071455,0.029662741,0.96626586
0,121,VR,Meta,JpCvsSpbinc,performance,0.012073328,0.08342514,0.90450156
0,121,VR,Meta,JpCvsSpbinc,experience,0.011834166,0.08084778,0.90731806
0,121,VR,Meta,JpCvsSpbinc,gaming,0.013178454,0.09163354,0.895188
0,121,VR,Meta,JpCvsSpbinc,mixed reality,0.012950846,0.090099394,0.89694977
0,121,VR,Meta,JpCvsSpbinc,Gyroscope,0.01327799,0.08957505,0.8971469
0,121,VR,Meta,JpCvsSpbinc,audio,0.012596309,0.08679401,0.9006097
0,121,VR,Meta,JpCvsSpbinc,visual,0.012849899,0.08778556,0.8993646
0,121,VR,Meta,JpCvsSpbinc,technology,0.012361355,0.08661308,0.90102553
0,121,VR,Meta,JpCvsSpbinc,specification,0.012618776,0.086004175,0.9013771
0,122,VR,Meta,JpCvsSpbinc,performance,0.10481622,0.38115716,0.5140267
0,122,VR,Meta,JpCvsSpbinc,experience,0.10271839,0.38263506,0.5146466
0,122,VR,Meta,JpCvsSpbinc,gaming,0.100097865,0.40084207,0.49906
0,122,VR,Meta,JpCvsSpbinc,mixed reality,0.0963973,0.39226037,0.5113423
0,122,VR,Meta,JpCvsSpbinc,Gyroscope,0.10347274,0.3857126,0.5108146
0,122,VR,Meta,JpCvsSpbinc,audio,0.102415845,0.3812986,0.51628554
0,122,VR,Meta,JpCvsSpbinc,visual,0.10159396,0.37997696,0.5184291
0,122,VR,Meta,JpCvsSpbinc,technology,0.10234783,0.37819,0.51946217
0,122,VR,Meta,JpCvsSpbinc,specification,0.099235,0.37621805,0.524547
0,123,VR,Meta,JpCvsSpbinc,performance,0.44128376,0.45531535,0.103400916
0,123,VR,Meta,JpCvsSpbinc,experience,0.4409296,0.45620304,0.10286735
0,123,VR,Meta,JpCvsSpbinc,gaming,0.4073238,0.49304155,0.09963466
0,123,VR,Meta,JpCvsSpbinc,mixed reality,0.42043278,0.48081517,0.09875214
0,123,VR,Meta,JpCvsSpbinc,Gyroscope,0.43850958,0.45940277,0.10208765
0,123,VR,Meta,JpCvsSpbinc,audio,0.40567914,0.49141923,0.1029016
0,123,VR,Meta,JpCvsSpbinc,visual,0.4426578,0.45767966,0.0996626
0,123,VR,Meta,JpCvsSpbinc,technology,0.43678865,0.4620285,0.10118286
0,123,VR,Meta,JpCvsSpbinc,specification,0.4438111,0.45272142,0.103467494
0,124,VR,Meta,JpCvsSpbinc,performance,0.13833353,0.59538543,0.266281
0,124,VR,Meta,JpCvsSpbinc,experience,0.13113478,0.5866814,0.28218383
0,124,VR,Meta,JpCvsSpbinc,gaming,0.13052884,0.609088,0.26038316
0,124,VR,Meta,JpCvsSpbinc,mixed reality,0.14773239,0.64791036,0.20435727
0,124,VR,Meta,JpCvsSpbinc,Gyroscope,0.13423604,0.603623,0.26214096
0,124,VR,Meta,JpCvsSpbinc,audio,0.13576312,0.6001467,0.2640902
0,124,VR,Meta,JpCvsSpbinc,visual,0.13759947,0.6000033,0.2623972
0,124,VR,Meta,JpCvsSpbinc,technology,0.13737863,0.59715563,0.2654658
0,124,VR,Meta,JpCvsSpbinc,specification,0.13476634,0.6000827,0.26515096
0,125,VR,Meta,JpCvsSpbinc,performance,0.14248319,0.28938785,0.56812894
0,125,VR,Meta,JpCvsSpbinc,experience,0.12264954,0.29448068,0.5828698
0,125,VR,Meta,JpCvsSpbinc,gaming,0.10497102,0.3739905,0.5210385
0,125,VR,Meta,JpCvsSpbinc,mixed reality,0.10780025,0.22715524,0.6650445
0,125,VR,Meta,JpCvsSpbinc,Gyroscope,0.12608536,0.29804042,0.5758742
0,125,VR,Meta,JpCvsSpbinc,audio,0.12536487,0.29128963,0.5833455
0,125,VR,Meta,JpCvsSpbinc,visual,0.1217998,0.2826545,0.59554565
0,125,VR,Meta,JpCvsSpbinc,technology,0.12344627,0.2993516,0.5772021
0,125,VR,Meta,JpCvsSpbinc,specification,0.12464895,0.2964139,0.5789371
0,126,VR,Meta,WoChOAscBkQ,performance,0.014932881,0.36136633,0.62370086
0,126,VR,Meta,WoChOAscBkQ,experience,0.01820803,0.58342206,0.39836997
0,126,VR,Meta,WoChOAscBkQ,gaming,0.017879127,0.62254316,0.35957766
0,126,VR,Meta,WoChOAscBkQ,mixed reality,0.01769103,0.5929022,0.3894068
0,126,VR,Meta,WoChOAscBkQ,Gyroscope,0.01947033,0.5892034,0.39132625
0,126,VR,Meta,WoChOAscBkQ,audio,0.018275293,0.5925522,0.38917258
0,126,VR,Meta,WoChOAscBkQ,visual,0.017171737,0.601556,0.38127223
0,126,VR,Meta,WoChOAscBkQ,technology,0.01879238,0.58553475,0.3956729
0,126,VR,Meta,WoChOAscBkQ,specification,0.018681886,0.5921285,0.38918963
0,127,VR,Meta,WoChOAscBkQ,performance,0.05032547,0.13421747,0.8154571
0,127,VR,Meta,WoChOAscBkQ,experience,0.05445515,0.1360388,0.80950606
0,127,VR,Meta,WoChOAscBkQ,gaming,0.04175806,0.14538084,0.8128611
0,127,VR,Meta,WoChOAscBkQ,mixed reality,0.052284367,0.13680853,0.81090707
0,127,VR,Meta,WoChOAscBkQ,Gyroscope,0.05521528,0.14283432,0.8019504
0,127,VR,Meta,WoChOAscBkQ,audio,0.053262684,0.13682005,0.8099173
0,127,VR,Meta,WoChOAscBkQ,visual,0.05425768,0.1379707,0.8077716
0,127,VR,Meta,WoChOAscBkQ,technology,0.05248136,0.12292967,0.82458895
0,127,VR,Meta,WoChOAscBkQ,specification,0.050151467,0.13123669,0.81861186
0,128,VR,Meta,WoChOAscBkQ,performance,0.34289846,0.25465915,0.40244243
0,128,VR,Meta,WoChOAscBkQ,experience,0.34750497,0.25702417,0.3954708
0,128,VR,Meta,WoChOAscBkQ,gaming,0.29172167,0.44555867,0.2627196
0,128,VR,Meta,WoChOAscBkQ,mixed reality,0.32894117,0.32007027,0.35098857
0,128,VR,Meta,WoChOAscBkQ,Gyroscope,0.36854988,0.267037,0.3644131
0,128,VR,Meta,WoChOAscBkQ,audio,0.35765752,0.26442456,0.37791786
0,128,VR,Meta,WoChOAscBkQ,visual,0.35293147,0.2636227,0.3834458
0,128,VR,Meta,WoChOAscBkQ,technology,0.3514092,0.2657281,0.38286272
0,128,VR,Meta,WoChOAscBkQ,specification,0.354819,0.26449993,0.3806811
0,129,VR,Meta,WoChOAscBkQ,performance,0.015023162,0.11286959,0.87210727
0,129,VR,Meta,WoChOAscBkQ,experience,0.013386099,0.11482331,0.8717906
0,129,VR,Meta,WoChOAscBkQ,gaming,0.016539007,0.2296283,0.7538327
0,129,VR,Meta,WoChOAscBkQ,mixed reality,0.018682957,0.1425437,0.8387734
0,129,VR,Meta,WoChOAscBkQ,Gyroscope,0.019436978,0.14569767,0.8348654
0,129,VR,Meta,WoChOAscBkQ,audio,0.018236643,0.14024359,0.8415198
0,129,VR,Meta,WoChOAscBkQ,visual,0.012218498,0.07649764,0.9112839
0,129,VR,Meta,WoChOAscBkQ,technology,0.017082851,0.12687701,0.8560402
0,129,VR,Meta,WoChOAscBkQ,specification,0.016912159,0.15375993,0.82932794
0,130,VR,Meta,WoChOAscBkQ,performance,0.08470614,0.6579141,0.25737974
0,130,VR,Meta,WoChOAscBkQ,experience,0.08079222,0.6332054,0.28600237
0,130,VR,Meta,WoChOAscBkQ,gaming,0.06512533,0.7148103,0.22006428
0,130,VR,Meta,WoChOAscBkQ,mixed reality,0.08084823,0.65449643,0.26465532
0,130,VR,Meta,WoChOAscBkQ,Gyroscope,0.084432706,0.6649984,0.2505689
0,130,VR,Meta,WoChOAscBkQ,audio,0.08238799,0.6702023,0.24740967
0,130,VR,Meta,WoChOAscBkQ,visual,0.0847623,0.65158033,0.26365736
0,130,VR,Meta,WoChOAscBkQ,technology,0.0818783,0.64826375,0.26985797
0,130,VR,Meta,WoChOAscBkQ,specification,0.08413686,0.6711721,0.24469107
0,131,VR,Meta,It3Zv-Eh6tg,performance,0.076761685,0.46118575,0.46205264
0,131,VR,Meta,It3Zv-Eh6tg,experience,0.077763446,0.45474818,0.4674884
0,131,VR,Meta,It3Zv-Eh6tg,gaming,0.08073103,0.48368305,0.43558586
0,131,VR,Meta,It3Zv-Eh6tg,mixed reality,0.06950224,0.51179326,0.41870445
0,131,VR,Meta,It3Zv-Eh6tg,Gyroscope,0.07984375,0.4807223,0.43943393
0,131,VR,Meta,It3Zv-Eh6tg,audio,0.078771755,0.46978444,0.4514438
0,131,VR,Meta,It3Zv-Eh6tg,visual,0.07557953,0.457413,0.46700755
0,131,VR,Meta,It3Zv-Eh6tg,technology,0.07779915,0.46317393,0.45902696
0,131,VR,Meta,It3Zv-Eh6tg,specification,0.0793047,0.45980206,0.46089327
0,132,VR,Meta,It3Zv-Eh6tg,performance,0.014143918,0.18849607,0.79735994
0,132,VR,Meta,It3Zv-Eh6tg,experience,0.010459858,0.106622435,0.8829177
0,132,VR,Meta,It3Zv-Eh6tg,gaming,0.015470261,0.2113717,0.773158
0,132,VR,Meta,It3Zv-Eh6tg,mixed reality,0.014906143,0.18794301,0.79715085
0,132,VR,Meta,It3Zv-Eh6tg,Gyroscope,0.015534687,0.20043325,0.78403205
0,132,VR,Meta,It3Zv-Eh6tg,audio,0.015061213,0.19578996,0.78914887
0,132,VR,Meta,It3Zv-Eh6tg,visual,0.014752425,0.18921426,0.7960333
0,132,VR,Meta,It3Zv-Eh6tg,technology,0.016349753,0.20737647,0.7762738
0,132,VR,Meta,It3Zv-Eh6tg,specification,0.014968663,0.1930104,0.7920209
0,133,VR,Meta,It3Zv-Eh6tg,performance,0.025124079,0.62943965,0.34543628
0,133,VR,Meta,It3Zv-Eh6tg,experience,0.025856799,0.62241626,0.35172695
0,133,VR,Meta,It3Zv-Eh6tg,gaming,0.024564767,0.6497644,0.32567078
0,133,VR,Meta,It3Zv-Eh6tg,mixed reality,0.026663091,0.62657046,0.3467664
0,133,VR,Meta,It3Zv-Eh6tg,Gyroscope,0.024825893,0.65151477,0.3236594
0,133,VR,Meta,It3Zv-Eh6tg,audio,0.024900384,0.6531474,0.32195213
0,133,VR,Meta,It3Zv-Eh6tg,visual,0.024038836,0.6252607,0.35070047
0,133,VR,Meta,It3Zv-Eh6tg,technology,0.025515549,0.6299559,0.34452853
0,133,VR,Meta,It3Zv-Eh6tg,specification,0.025465813,0.6471733,0.32736093
0,134,VR,Meta,It3Zv-Eh6tg,performance,0.03826939,0.19570488,0.7660257
0,134,VR,Meta,It3Zv-Eh6tg,experience,0.01925894,0.09577913,0.8849619
0,134,VR,Meta,It3Zv-Eh6tg,gaming,0.03495304,0.295894,0.669153
0,134,VR,Meta,It3Zv-Eh6tg,mixed reality,0.037828907,0.20630985,0.7558613
0,134,VR,Meta,It3Zv-Eh6tg,Gyroscope,0.03808591,0.19559273,0.76632136
0,134,VR,Meta,It3Zv-Eh6tg,audio,0.03763424,0.195542,0.76682377
0,134,VR,Meta,It3Zv-Eh6tg,visual,0.03260756,0.18187357,0.7855189
0,134,VR,Meta,It3Zv-Eh6tg,technology,0.037388876,0.19645566,0.7661555
0,134,VR,Meta,It3Zv-Eh6tg,specification,0.036009192,0.19059949,0.7733913
0,135,VR,Meta,It3Zv-Eh6tg,performance,0.02319693,0.34296587,0.63383716
0,135,VR,Meta,It3Zv-Eh6tg,experience,0.021896759,0.34185338,0.63624984
0,135,VR,Meta,It3Zv-Eh6tg,gaming,0.023078125,0.35827172,0.6186502
0,135,VR,Meta,It3Zv-Eh6tg,mixed reality,0.023500273,0.35899794,0.61750185
0,135,VR,Meta,It3Zv-Eh6tg,Gyroscope,0.02493304,0.3630099,0.61205703
0,135,VR,Meta,It3Zv-Eh6tg,audio,0.020763377,0.36126766,0.61796904
0,135,VR,Meta,It3Zv-Eh6tg,visual,0.015600987,0.28354383,0.7008552
0,135,VR,Meta,It3Zv-Eh6tg,technology,0.021697644,0.35680985,0.6214925
0,135,VR,Meta,It3Zv-Eh6tg,specification,0.024238648,0.34635013,0.6294112
0,136,VR,Meta,shJoeddRkUM,performance,0.035711367,0.91124165,0.053046986
0,136,VR,Meta,shJoeddRkUM,experience,0.032819137,0.9112829,0.055897918
0,136,VR,Meta,shJoeddRkUM,gaming,0.018999256,0.9506734,0.03032731
0,136,VR,Meta,shJoeddRkUM,mixed reality,0.037088204,0.9038224,0.059089445
0,136,VR,Meta,shJoeddRkUM,Gyroscope,0.03570823,0.91288817,0.051403612
0,136,VR,Meta,shJoeddRkUM,audio,0.034844354,0.9140547,0.05110095
0,136,VR,Meta,shJoeddRkUM,visual,0.03483313,0.91174895,0.053417902
0,136,VR,Meta,shJoeddRkUM,technology,0.03588375,0.9111563,0.052959844
0,136,VR,Meta,shJoeddRkUM,specification,0.035615526,0.9110247,0.053359766
0,137,VR,Meta,shJoeddRkUM,performance,0.008917583,0.03555623,0.9555262
0,137,VR,Meta,shJoeddRkUM,experience,0.010585797,0.037492044,0.9519221
0,137,VR,Meta,shJoeddRkUM,gaming,0.010680578,0.039096355,0.950223
0,137,VR,Meta,shJoeddRkUM,mixed reality,0.011281162,0.03990949,0.94880927
0,137,VR,Meta,shJoeddRkUM,Gyroscope,0.011144876,0.039284077,0.94957113
0,137,VR,Meta,shJoeddRkUM,audio,0.011016516,0.037370663,0.95161283
0,137,VR,Meta,shJoeddRkUM,visual,0.010869067,0.036783915,0.95234704
0,137,VR,Meta,shJoeddRkUM,technology,0.010916683,0.040137842,0.9489455
0,137,VR,Meta,shJoeddRkUM,specification,0.010989172,0.04143905,0.9475717
0,138,VR,Meta,shJoeddRkUM,performance,0.18700267,0.24615951,0.56683785
0,138,VR,Meta,shJoeddRkUM,experience,0.20737644,0.24448955,0.548134
0,138,VR,Meta,shJoeddRkUM,gaming,0.15330848,0.28086412,0.56582737
0,138,VR,Meta,shJoeddRkUM,mixed reality,0.22991101,0.24865444,0.5214346
0,138,VR,Meta,shJoeddRkUM,Gyroscope,0.18683383,0.25771633,0.55544984
0,138,VR,Meta,shJoeddRkUM,audio,0.19283597,0.2599475,0.54721653
0,138,VR,Meta,shJoeddRkUM,visual,0.22438246,0.24175923,0.53385836
0,138,VR,Meta,shJoeddRkUM,technology,0.21628363,0.23941159,0.5443048
0,138,VR,Meta,shJoeddRkUM,specification,0.20576692,0.23405714,0.5601759
0,139,VR,Meta,shJoeddRkUM,performance,0.0810271,0.6136921,0.30528086
0,139,VR,Meta,shJoeddRkUM,experience,0.07727061,0.60954434,0.31318498
0,139,VR,Meta,shJoeddRkUM,gaming,0.06742538,0.6418803,0.29069436
0,139,VR,Meta,shJoeddRkUM,mixed reality,0.07568306,0.6185076,0.3058093
0,139,VR,Meta,shJoeddRkUM,Gyroscope,0.0745246,0.6160636,0.30941173
0,139,VR,Meta,shJoeddRkUM,audio,0.0766807,0.62185323,0.30146605
0,139,VR,Meta,shJoeddRkUM,visual,0.07820594,0.61023223,0.31156185
0,139,VR,Meta,shJoeddRkUM,technology,0.077179514,0.6026204,0.32019997
0,139,VR,Meta,shJoeddRkUM,specification,0.07845637,0.59912837,0.3224153
0,140,VR,Meta,shJoeddRkUM,performance,0.073653236,0.49082962,0.43551716
0,140,VR,Meta,shJoeddRkUM,experience,0.06544368,0.5048859,0.42967033
0,140,VR,Meta,shJoeddRkUM,gaming,0.052816406,0.60859555,0.338588
0,140,VR,Meta,shJoeddRkUM,mixed reality,0.06418651,0.53167725,0.40413624
0,140,VR,Meta,shJoeddRkUM,Gyroscope,0.073710114,0.5389937,0.3872962
0,140,VR,Meta,shJoeddRkUM,audio,0.07090861,0.5235622,0.4055292
0,140,VR,Meta,shJoeddRkUM,visual,0.067736946,0.51091474,0.4213483
0,140,VR,Meta,shJoeddRkUM,technology,0.07009701,0.5151362,0.41476688
0,140,VR,Meta,shJoeddRkUM,specification,0.07512794,0.51727736,0.40759474
0,141,VR,Meta,YprFdvKRvm8,performance,0.0047340733,0.15309967,0.8421663
0,141,VR,Meta,YprFdvKRvm8,experience,0.004694819,0.15967837,0.83562684
0,141,VR,Meta,YprFdvKRvm8,gaming,0.005089884,0.2244201,0.77049
0,141,VR,Meta,YprFdvKRvm8,mixed reality,0.004803323,0.1504319,0.84476477
0,141,VR,Meta,YprFdvKRvm8,Gyroscope,0.0049304613,0.15218133,0.8428882
0,141,VR,Meta,YprFdvKRvm8,audio,0.004881098,0.15493456,0.84018433
0,141,VR,Meta,YprFdvKRvm8,visual,0.0047750804,0.1517688,0.8434561
0,141,VR,Meta,YprFdvKRvm8,technology,0.00437468,0.12473703,0.87088823
0,141,VR,Meta,YprFdvKRvm8,specification,0.005743803,0.19942707,0.7948291
0,142,VR,Meta,YprFdvKRvm8,performance,0.82159233,0.118091136,0.060316518
0,142,VR,Meta,YprFdvKRvm8,experience,0.8309449,0.11542852,0.053626582
0,142,VR,Meta,YprFdvKRvm8,gaming,0.813843,0.12822883,0.057928205
0,142,VR,Meta,YprFdvKRvm8,mixed reality,0.80396277,0.14583421,0.050202984
0,142,VR,Meta,YprFdvKRvm8,Gyroscope,0.8272471,0.113122545,0.05963033
0,142,VR,Meta,YprFdvKRvm8,audio,0.8087568,0.13279891,0.05844425
0,142,VR,Meta,YprFdvKRvm8,visual,0.81954336,0.116978176,0.06347845
0,142,VR,Meta,YprFdvKRvm8,technology,0.8029376,0.13226627,0.06479613
0,142,VR,Meta,YprFdvKRvm8,specification,0.824969,0.11582044,0.05921055
0,143,VR,Meta,YprFdvKRvm8,performance,0.4574891,0.19909593,0.343415
0,143,VR,Meta,YprFdvKRvm8,experience,0.40900543,0.20954777,0.38144687
0,143,VR,Meta,YprFdvKRvm8,gaming,0.47243005,0.2216252,0.3059447
0,143,VR,Meta,YprFdvKRvm8,mixed reality,0.5581114,0.20978318,0.23210542
0,143,VR,Meta,YprFdvKRvm8,Gyroscope,0.44625327,0.19866736,0.35507938
0,143,VR,Meta,YprFdvKRvm8,audio,0.44669592,0.22673884,0.32656527
0,143,VR,Meta,YprFdvKRvm8,visual,0.4623197,0.21115081,0.32652944
0,143,VR,Meta,YprFdvKRvm8,technology,0.4006382,0.22726959,0.37209225
0,143,VR,Meta,YprFdvKRvm8,specification,0.4540647,0.21889274,0.32704258
0,144,VR,Meta,YprFdvKRvm8,performance,0.16542578,0.26716477,0.5674094
0,144,VR,Meta,YprFdvKRvm8,experience,0.18828401,0.28451702,0.527199
0,144,VR,Meta,YprFdvKRvm8,gaming,0.17816678,0.36809987,0.45373333
0,144,VR,Meta,YprFdvKRvm8,mixed reality,0.26027393,0.27418604,0.46554005
0,144,VR,Meta,YprFdvKRvm8,Gyroscope,0.21413349,0.28609613,0.4997704
0,144,VR,Meta,YprFdvKRvm8,audio,0.2021791,0.34852958,0.44929135
0,144,VR,Meta,YprFdvKRvm8,visual,0.19688377,0.27095976,0.5321565
0,144,VR,Meta,YprFdvKRvm8,technology,0.2340535,0.27504385,0.4909027
0,144,VR,Meta,YprFdvKRvm8,specification,0.19276503,0.28576258,0.52147245
0,145,VR,Meta,YprFdvKRvm8,performance,0.25932777,0.3015016,0.4391707
0,145,VR,Meta,YprFdvKRvm8,experience,0.37903357,0.40027508,0.22069135
0,145,VR,Meta,YprFdvKRvm8,gaming,0.4394925,0.459018,0.10148955
0,145,VR,Meta,YprFdvKRvm8,mixed reality,0.42000794,0.38075763,0.19923443
0,145,VR,Meta,YprFdvKRvm8,Gyroscope,0.37603882,0.39762858,0.22633259
0,145,VR,Meta,YprFdvKRvm8,audio,0.34054977,0.45552725,0.20392303
0,145,VR,Meta,YprFdvKRvm8,visual,0.40146846,0.37938407,0.2191475
0,145,VR,Meta,YprFdvKRvm8,technology,0.4198876,0.33935466,0.24075773
0,145,VR,Meta,YprFdvKRvm8,specification,0.4275784,0.3824352,0.18998642
